candidate_id,candidate_source_id,candidate_domain,education,skills,skills_and_achievements,candidate_experience,job_type,round_id,question_id,question,question_category,target_role,source_role,difficulty,question_experience,source_type,answer_id,answer,answer_source,keywords,synthetic_record,merge_note
C001,74552449,Banking,"Master of Science in International Trade, Universidad Carlos III de Madrid, Spain (2014) — coursework in international trade policies and laws. Bachelor of Science in Business Administration and Direction, Universidad Pública de Navarra, Spain (2013)","Excel, Financial Reporting, Salesforce, Html, Photoshop, Illustrator, Marketing, Communication, Leadership, Negotiation, Ms Office","Skilled in cash handling, loan operations, financial reporting, analysis, and risk identification. Proficient in MS Excel and MS Office; adept at business negotiation, communication, and team leadership. Multilingual (Spanish). Experienced with Salesforce, TapScan, Photoshop, Illustrator, HTML, and public relations tools such as Factiva and Bacon’s Mediasource. Recognized for client interfacing and developing marketing strategies to drive business growth","Professional (11/2016–Present)—opened and managed customer accounts (checking, savings, credit lines), balanced vault inventory with zero error rate, ensured regulatory compliance, and provided client issue resolution and service excellence. Banking Employee (05/2014–08/2015)—handled daily banking operations, account management, and customer support. Intern (06/2013–09/2013)—managed online systems and developed educational and financial documentation. Banking Intern (06/2012–09/2012)—supported account opening, cash processing, and compliance tracking",Entry-level,R001,Q001,Tell me about a time you had to learn something completely new quickly.,Adaptability,Banking / Financial Analyst,DevOps Engineer,Easy,fresher,Open-Ended,A001,"I'm always eager to learn and embrace change as a way to improve. For example, I once had to switch to a new tech stack and picked it up quickly. Tell me about a time you had to learn something completely new quickly.",Ankshi ideal_answer,['flexible' 'change'],True,Synthetic association: CareerCorpus candidate profile linked to a semantically compatible Ankshi interview question.
C001,74552449,Banking,"Master of Science in International Trade, Universidad Carlos III de Madrid, Spain (2014) — coursework in international trade policies and laws. Bachelor of Science in Business Administration and Direction, Universidad Pública de Navarra, Spain (2013)","Excel, Financial Reporting, Salesforce, Html, Photoshop, Illustrator, Marketing, Communication, Leadership, Negotiation, Ms Office","Skilled in cash handling, loan operations, financial reporting, analysis, and risk identification. Proficient in MS Excel and MS Office; adept at business negotiation, communication, and team leadership. Multilingual (Spanish). Experienced with Salesforce, TapScan, Photoshop, Illustrator, HTML, and public relations tools such as Factiva and Bacon’s Mediasource. Recognized for client interfacing and developing marketing strategies to drive business growth","Professional (11/2016–Present)—opened and managed customer accounts (checking, savings, credit lines), balanced vault inventory with zero error rate, ensured regulatory compliance, and provided client issue resolution and service excellence. Banking Employee (05/2014–08/2015)—handled daily banking operations, account management, and customer support. Intern (06/2013–09/2013)—managed online systems and developed educational and financial documentation. Banking Intern (06/2012–09/2012)—supported account opening, cash processing, and compliance tracking",Entry-level,R002,Q002,What's the most significant change you've had to adapt to at work?,Adaptability,Banking / Financial Analyst,DevOps Engineer,Medium,intern,STAR-Based,A002,"I'm always eager to learn and embrace change as a way to improve. For example, I once had to switch to a new tech stack and picked it up quickly. What's the most significant change you've had to adapt to at work?",Ankshi ideal_answer,['learn' 'adjust'],True,Synthetic association: CareerCorpus candidate profile linked to a semantically compatible Ankshi interview question.
C001,74552449,Banking,"Master of Science in International Trade, Universidad Carlos III de Madrid, Spain (2014) — coursework in international trade policies and laws. Bachelor of Science in Business Administration and Direction, Universidad Pública de Navarra, Spain (2013)","Excel, Financial Reporting, Salesforce, Html, Photoshop, Illustrator, Marketing, Communication, Leadership, Negotiation, Ms Office","Skilled in cash handling, loan operations, financial reporting, analysis, and risk identification. Proficient in MS Excel and MS Office; adept at business negotiation, communication, and team leadership. Multilingual (Spanish). Experienced with Salesforce, TapScan, Photoshop, Illustrator, HTML, and public relations tools such as Factiva and Bacon’s Mediasource. Recognized for client interfacing and developing marketing strategies to drive business growth","Professional (11/2016–Present)—opened and managed customer accounts (checking, savings, credit lines), balanced vault inventory with zero error rate, ensured regulatory compliance, and provided client issue resolution and service excellence. Banking Employee (05/2014–08/2015)—handled daily banking operations, account management, and customer support. Intern (06/2013–09/2013)—managed online systems and developed educational and financial documentation. Banking Intern (06/2012–09/2012)—supported account opening, cash processing, and compliance tracking",Entry-level,R003,Q003,How do you motivate others in a leadership role?,Leadership,Banking / Financial Analyst,Marketing Associate,Hard,6 years,Situational,A003,"I lead by example and encourage open communication and accountability. One time, I led a team through X and we achieved Y. How do you motivate others in a leadership role?",Ankshi ideal_answer,['guide' 'mentor'],True,Synthetic association: CareerCorpus candidate profile linked to a semantically compatible Ankshi interview question.
C001,74552449,Banking,"Master of Science in International Trade, Universidad Carlos III de Madrid, Spain (2014) — coursework in international trade policies and laws. Bachelor of Science in Business Administration and Direction, Universidad Pública de Navarra, Spain (2013)","Excel, Financial Reporting, Salesforce, Html, Photoshop, Illustrator, Marketing, Communication, Leadership, Negotiation, Ms Office","Skilled in cash handling, loan operations, financial reporting, analysis, and risk identification. Proficient in MS Excel and MS Office; adept at business negotiation, communication, and team leadership. Multilingual (Spanish). Experienced with Salesforce, TapScan, Photoshop, Illustrator, HTML, and public relations tools such as Factiva and Bacon’s Mediasource. Recognized for client interfacing and developing marketing strategies to drive business growth","Professional (11/2016–Present)—opened and managed customer accounts (checking, savings, credit lines), balanced vault inventory with zero error rate, ensured regulatory compliance, and provided client issue resolution and service excellence. Banking Employee (05/2014–08/2015)—handled daily banking operations, account management, and customer support. Intern (06/2013–09/2013)—managed online systems and developed educational and financial documentation. Banking Intern (06/2012–09/2012)—supported account opening, cash processing, and compliance tracking",Entry-level,R004,Q004,Describe a time you led a project or team.,Leadership,Banking / Financial Analyst,UX Designer,Hard,2 years,Behavioral,A004,"I lead by example and encourage open communication and accountability. One time, I led a team through X and we achieved Y. Describe a time you led a project or team.",Ankshi ideal_answer,['mentor' 'manage'],True,Synthetic association: CareerCorpus candidate profile linked to a semantically compatible Ankshi interview question.
C002,79041971,Banking,"High School Diploma, Federal Way Senior High School, United States (2010","Leadership, Team Management, Client Relations, Training, Recruiting","Strong leadership, team management, and client relations abilities. Skilled in supervision, staff training, multitasking, and decision-making under pressure. Proficient in recruiting, sales growth strategies, performance planning, and maintaining customer satisfaction. Recognized for improving sales performance (23% increase) and developing incentive programs that enhanced employee motivation and engagement.","Banking Professional (Aug 2013–Present)—oversees daily operations, client service, and staff performance within the banking domain. Store Manager (Aug 2012–Nov 2012)—managed team of 10; launched new store, trained staff, created incentive performance plans leading to a 23% sales increase, and surpassed quarterly revenue targets. Store Manager (Feb 2008–Jun 2012)—led team of 6; implemented standardized employee training, improved customer satisfaction by 12%, handled cash reconciliation, sales supervision, and issue resolution.",Mid-level,R005,Q005,How do you delegate tasks effectively?,Leadership,Banking / Financial Analyst,HR Specialist,Hard,6 years,Behavioral,A005,"I lead by example and encourage open communication and accountability. One time, I led a team through X and we achieved Y. How do you delegate tasks effectively?",Ankshi ideal_answer,['supervise' 'manage'],True,Synthetic association: CareerCorpus candidate profile linked to a semantically compatible Ankshi interview question.
C002,79041971,Banking,"High School Diploma, Federal Way Senior High School, United States (2010","Leadership, Team Management, Client Relations, Training, Recruiting","Strong leadership, team management, and client relations abilities. Skilled in supervision, staff training, multitasking, and decision-making under pressure. Proficient in recruiting, sales growth strategies, performance planning, and maintaining customer satisfaction. Recognized for improving sales performance (23% increase) and developing incentive programs that enhanced employee motivation and engagement.","Banking Professional (Aug 2013–Present)—oversees daily operations, client service, and staff performance within the banking domain. Store Manager (Aug 2012–Nov 2012)—managed team of 10; launched new store, trained staff, created incentive performance plans leading to a 23% sales increase, and surpassed quarterly revenue targets. Store Manager (Feb 2008–Jun 2012)—led team of 6; implemented standardized employee training, improved customer satisfaction by 12%, handled cash reconciliation, sales supervision, and issue resolution.",Mid-level,R006,Q006,What makes a good leader in your opinion?,Leadership,Banking / Financial Analyst,Software Engineer,Hard,3 years,Open-Ended,A006,"I lead by example and encourage open communication and accountability. One time, I led a team through X and we achieved Y. What makes a good leader in your opinion?",Ankshi ideal_answer,['mentor' 'guide'],True,Synthetic association: CareerCorpus candidate profile linked to a semantically compatible Ankshi interview question.
C002,79041971,Banking,"High School Diploma, Federal Way Senior High School, United States (2010","Leadership, Team Management, Client Relations, Training, Recruiting","Strong leadership, team management, and client relations abilities. Skilled in supervision, staff training, multitasking, and decision-making under pressure. Proficient in recruiting, sales growth strategies, performance planning, and maintaining customer satisfaction. Recognized for improving sales performance (23% increase) and developing incentive programs that enhanced employee motivation and engagement.","Banking Professional (Aug 2013–Present)—oversees daily operations, client service, and staff performance within the banking domain. Store Manager (Aug 2012–Nov 2012)—managed team of 10; launched new store, trained staff, created incentive performance plans leading to a 23% sales increase, and surpassed quarterly revenue targets. Store Manager (Feb 2008–Jun 2012)—led team of 6; implemented standardized employee training, improved customer satisfaction by 12%, handled cash reconciliation, sales supervision, and issue resolution.",Mid-level,R007,Q007,How do you react to sudden changes in priorities?,Adaptability,Banking / Financial Analyst,Data Scientist,Hard,1 year,Behavioral,A007,"I'm always eager to learn and embrace change as a way to improve. For example, I once had to switch to a new tech stack and picked it up quickly. How do you react to sudden changes in priorities?",Ankshi ideal_answer,['adjust' 'change'],True,Synthetic association: CareerCorpus candidate profile linked to a semantically compatible Ankshi interview question.
C002,79041971,Banking,"High School Diploma, Federal Way Senior High School, United States (2010","Leadership, Team Management, Client Relations, Training, Recruiting","Strong leadership, team management, and client relations abilities. Skilled in supervision, staff training, multitasking, and decision-making under pressure. Proficient in recruiting, sales growth strategies, performance planning, and maintaining customer satisfaction. Recognized for improving sales performance (23% increase) and developing incentive programs that enhanced employee motivation and engagement.","Banking Professional (Aug 2013–Present)—oversees daily operations, client service, and staff performance within the banking domain. Store Manager (Aug 2012–Nov 2012)—managed team of 10; launched new store, trained staff, created incentive performance plans leading to a 23% sales increase, and surpassed quarterly revenue targets. Store Manager (Feb 2008–Jun 2012)—led team of 6; implemented standardized employee training, improved customer satisfaction by 12%, handled cash reconciliation, sales supervision, and issue resolution.",Mid-level,R008,Q008,Tell me about a time you mentored someone.,Leadership,Banking / Financial Analyst,Software Engineer,Medium,7+ years,STAR-Based,A008,"I lead by example and encourage open communication and accountability. One time, I led a team through X and we achieved Y. Tell me about a time you mentored someone.",Ankshi ideal_answer,['manage' 'mentor'],True,Synthetic association: CareerCorpus candidate profile linked to a semantically compatible Ankshi interview question.
C003,77156708,Banking,"Master of Management, Business Management — Colorado State University (05/2017). Bachelor of Arts, Applied Economics — National University of Kaohsiung, Taiwan (05/2013).","Sql, Financial Analysis, Project Management, Salesforce, Jira, Confluence, Marketing, Budgeting, Credit, Underwriting, Documentation, Ms Office","NMLS #1796859; business development; project management; Confluence/Jira/Salesforce/SQL; financial analysis & statements; pricing strategy; budgeting; credit/underwriting; due diligence; documentation; marketing & PR; MS Office, G Suite, Keynote; bilingual Mandarin. Top 1 Mortgage Originator & Top 3 Loan Sales (North Denver); drove +200% membership growth; +10% reporting efficiency.","Banking Officer (10/2018–Current)—BSA/AML/OFAC compliance; credit analysis & underwriting; top producer; realtor & SMB relationships; supervised Asian Banking Center and community outreach. Director of Finance (05/2019–Current)—budgeting, financial strategy, statements, pricing leading to +200% membership. Marketing Specialist (08/2017–09/2018)—digital strategy, collateral, 10+ partnerships. Retail Store Manager (08/2014–07/2015)—ops, POS rollout, records.",Mid-level,R009,Q009,Describe a time you failed and what you learned from it.,Adaptability,Banking / Financial Analyst,QA Analyst,Medium,intern,Situational,A009,"I'm always eager to learn and embrace change as a way to improve. For example, I once had to switch to a new tech stack and picked it up quickly. Describe a time you failed and what you learned from it.",Ankshi ideal_answer,['change' 'flexible'],True,Synthetic association: CareerCorpus candidate profile linked to a semantically compatible Ankshi interview question.
C003,77156708,Banking,"Master of Management, Business Management — Colorado State University (05/2017). Bachelor of Arts, Applied Economics — National University of Kaohsiung, Taiwan (05/2013).","Sql, Financial Analysis, Project Management, Salesforce, Jira, Confluence, Marketing, Budgeting, Credit, Underwriting, Documentation, Ms Office","NMLS #1796859; business development; project management; Confluence/Jira/Salesforce/SQL; financial analysis & statements; pricing strategy; budgeting; credit/underwriting; due diligence; documentation; marketing & PR; MS Office, G Suite, Keynote; bilingual Mandarin. Top 1 Mortgage Originator & Top 3 Loan Sales (North Denver); drove +200% membership growth; +10% reporting efficiency.","Banking Officer (10/2018–Current)—BSA/AML/OFAC compliance; credit analysis & underwriting; top producer; realtor & SMB relationships; supervised Asian Banking Center and community outreach. Director of Finance (05/2019–Current)—budgeting, financial strategy, statements, pricing leading to +200% membership. Marketing Specialist (08/2017–09/2018)—digital strategy, collateral, 10+ partnerships. Retail Store Manager (08/2014–07/2015)—ops, POS rollout, records.",Mid-level,R010,Q010,How do you stay updated with industry trends?,Adaptability,Banking / Financial Analyst,QA Analyst,Easy,6 years,Open-Ended,A010,"I'm always eager to learn and embrace change as a way to improve. For example, I once had to switch to a new tech stack and picked it up quickly. How do you stay updated with industry trends?",Ankshi ideal_answer,['learn' 'adjust'],True,Synthetic association: CareerCorpus candidate profile linked to a semantically compatible Ankshi interview question.
C003,77156708,Banking,"Master of Management, Business Management — Colorado State University (05/2017). Bachelor of Arts, Applied Economics — National University of Kaohsiung, Taiwan (05/2013).","Sql, Financial Analysis, Project Management, Salesforce, Jira, Confluence, Marketing, Budgeting, Credit, Underwriting, Documentation, Ms Office","NMLS #1796859; business development; project management; Confluence/Jira/Salesforce/SQL; financial analysis & statements; pricing strategy; budgeting; credit/underwriting; due diligence; documentation; marketing & PR; MS Office, G Suite, Keynote; bilingual Mandarin. Top 1 Mortgage Originator & Top 3 Loan Sales (North Denver); drove +200% membership growth; +10% reporting efficiency.","Banking Officer (10/2018–Current)—BSA/AML/OFAC compliance; credit analysis & underwriting; top producer; realtor & SMB relationships; supervised Asian Banking Center and community outreach. Director of Finance (05/2019–Current)—budgeting, financial strategy, statements, pricing leading to +200% membership. Marketing Specialist (08/2017–09/2018)—digital strategy, collateral, 10+ partnerships. Retail Store Manager (08/2014–07/2015)—ops, POS rollout, records.",Mid-level,R011,Q011,Tell me about a time you had to learn something completely new quickly.,Adaptability,Banking / Financial Analyst,DevOps Engineer,Easy,fresher,Open-Ended,A011,"I'm always eager to learn and embrace change as a way to improve. For example, I once had to switch to a new tech stack and picked it up quickly. Tell me about a time you had to learn something completely new quickly.",Ankshi ideal_answer,['flexible' 'change'],True,Synthetic association: CareerCorpus candidate profile linked to a semantically compatible Ankshi interview question.
C003,77156708,Banking,"Master of Management, Business Management — Colorado State University (05/2017). Bachelor of Arts, Applied Economics — National University of Kaohsiung, Taiwan (05/2013).","Sql, Financial Analysis, Project Management, Salesforce, Jira, Confluence, Marketing, Budgeting, Credit, Underwriting, Documentation, Ms Office","NMLS #1796859; business development; project management; Confluence/Jira/Salesforce/SQL; financial analysis & statements; pricing strategy; budgeting; credit/underwriting; due diligence; documentation; marketing & PR; MS Office, G Suite, Keynote; bilingual Mandarin. Top 1 Mortgage Originator & Top 3 Loan Sales (North Denver); drove +200% membership growth; +10% reporting efficiency.","Banking Officer (10/2018–Current)—BSA/AML/OFAC compliance; credit analysis & underwriting; top producer; realtor & SMB relationships; supervised Asian Banking Center and community outreach. Director of Finance (05/2019–Current)—budgeting, financial strategy, statements, pricing leading to +200% membership. Marketing Specialist (08/2017–09/2018)—digital strategy, collateral, 10+ partnerships. Retail Store Manager (08/2014–07/2015)—ops, POS rollout, records.",Mid-level,R012,Q012,What's the most significant change you've had to adapt to at work?,Adaptability,Banking / Financial Analyst,DevOps Engineer,Medium,intern,STAR-Based,A012,"I'm always eager to learn and embrace change as a way to improve. For example, I once had to switch to a new tech stack and picked it up quickly. What's the most significant change you've had to adapt to at work?",Ankshi ideal_answer,['learn' 'adjust'],True,Synthetic association: CareerCorpus candidate profile linked to a semantically compatible Ankshi interview question.
C004,24580361,Banking,"B.S. in Operations Management, University of Delaware (2013); Minor in Economics; GPA 3.978/4.0. Awards: Distinguished Operations Management Junior, Alpha Lambda Delta, National Society of Collegiate Scholars, Dean’s List (all semesters).","Excel, Html, Communication, Leadership","Microsoft Office (Excel/PowerPoint/Word/Access), SAP, Minitab, Maple, Lingo, HTML; Six Sigma exposure; detail-oriented, analytical, troubleshooting/problem solving; strong communication, time management, organization, leadership.","Associate, Investment Banking Operations (07/2013–Present)—operations role (firm/city undisclosed). Intern, Syndicated Loan Operations (06/2012–12/2012)—maintained 150+ deals/1000+ loans; processed loan activity/cash flows; monitored past dues; partnered with agent banks; issued weekly status; led month-end controls. Intern, Derivatives Operations (12/2011–05/2012)—built client contact DB; produced exec scorecards; automated compliance reporting (equity/credit derivatives).",Senior-level,R013,Q013,How do you motivate others in a leadership role?,Leadership,Banking / Financial Analyst,Marketing Associate,Hard,6 years,Situational,A013,"I lead by example and encourage open communication and accountability. One time, I led a team through X and we achieved Y. How do you motivate others in a leadership role?",Ankshi ideal_answer,['guide' 'mentor'],True,Synthetic association: CareerCorpus candidate profile linked to a semantically compatible Ankshi interview question.
C004,24580361,Banking,"B.S. in Operations Management, University of Delaware (2013); Minor in Economics; GPA 3.978/4.0. Awards: Distinguished Operations Management Junior, Alpha Lambda Delta, National Society of Collegiate Scholars, Dean’s List (all semesters).","Excel, Html, Communication, Leadership","Microsoft Office (Excel/PowerPoint/Word/Access), SAP, Minitab, Maple, Lingo, HTML; Six Sigma exposure; detail-oriented, analytical, troubleshooting/problem solving; strong communication, time management, organization, leadership.","Associate, Investment Banking Operations (07/2013–Present)—operations role (firm/city undisclosed). Intern, Syndicated Loan Operations (06/2012–12/2012)—maintained 150+ deals/1000+ loans; processed loan activity/cash flows; monitored past dues; partnered with agent banks; issued weekly status; led month-end controls. Intern, Derivatives Operations (12/2011–05/2012)—built client contact DB; produced exec scorecards; automated compliance reporting (equity/credit derivatives).",Senior-level,R014,Q014,Describe a time you led a project or team.,Leadership,Banking / Financial Analyst,UX Designer,Hard,2 years,Behavioral,A014,"I lead by example and encourage open communication and accountability. One time, I led a team through X and we achieved Y. Describe a time you led a project or team.",Ankshi ideal_answer,['mentor' 'manage'],True,Synthetic association: CareerCorpus candidate profile linked to a semantically compatible Ankshi interview question.
C004,24580361,Banking,"B.S. in Operations Management, University of Delaware (2013); Minor in Economics; GPA 3.978/4.0. Awards: Distinguished Operations Management Junior, Alpha Lambda Delta, National Society of Collegiate Scholars, Dean’s List (all semesters).","Excel, Html, Communication, Leadership","Microsoft Office (Excel/PowerPoint/Word/Access), SAP, Minitab, Maple, Lingo, HTML; Six Sigma exposure; detail-oriented, analytical, troubleshooting/problem solving; strong communication, time management, organization, leadership.","Associate, Investment Banking Operations (07/2013–Present)—operations role (firm/city undisclosed). Intern, Syndicated Loan Operations (06/2012–12/2012)—maintained 150+ deals/1000+ loans; processed loan activity/cash flows; monitored past dues; partnered with agent banks; issued weekly status; led month-end controls. Intern, Derivatives Operations (12/2011–05/2012)—built client contact DB; produced exec scorecards; automated compliance reporting (equity/credit derivatives).",Senior-level,R015,Q015,How do you delegate tasks effectively?,Leadership,Banking / Financial Analyst,HR Specialist,Hard,6 years,Behavioral,A015,"I lead by example and encourage open communication and accountability. One time, I led a team through X and we achieved Y. How do you delegate tasks effectively?",Ankshi ideal_answer,['supervise' 'manage'],True,Synthetic association: CareerCorpus candidate profile linked to a semantically compatible Ankshi interview question.
C004,24580361,Banking,"B.S. in Operations Management, University of Delaware (2013); Minor in Economics; GPA 3.978/4.0. Awards: Distinguished Operations Management Junior, Alpha Lambda Delta, National Society of Collegiate Scholars, Dean’s List (all semesters).","Excel, Html, Communication, Leadership","Microsoft Office (Excel/PowerPoint/Word/Access), SAP, Minitab, Maple, Lingo, HTML; Six Sigma exposure; detail-oriented, analytical, troubleshooting/problem solving; strong communication, time management, organization, leadership.","Associate, Investment Banking Operations (07/2013–Present)—operations role (firm/city undisclosed). Intern, Syndicated Loan Operations (06/2012–12/2012)—maintained 150+ deals/1000+ loans; processed loan activity/cash flows; monitored past dues; partnered with agent banks; issued weekly status; led month-end controls. Intern, Derivatives Operations (12/2011–05/2012)—built client contact DB; produced exec scorecards; automated compliance reporting (equity/credit derivatives).",Senior-level,R016,Q016,What makes a good leader in your opinion?,Leadership,Banking / Financial Analyst,Software Engineer,Hard,3 years,Open-Ended,A016,"I lead by example and encourage open communication and accountability. One time, I led a team through X and we achieved Y. What makes a good leader in your opinion?",Ankshi ideal_answer,['mentor' 'guide'],True,Synthetic association: CareerCorpus candidate profile linked to a semantically compatible Ankshi interview question.
C005,34953092,Banking,"M.S. Computer Engineering, University of Missouri–Columbia (2016), GPA 3.46; Graduate Research Assistant. B.S. Finance & Banking, University of Missouri–Columbia (2013), Minor in Mathematics; VP, Chinese Business Student Association.","Python, C++, Sql, Financial Analysis, Research","C/C++, Python, MATLAB, SQL, R, LUA, VBA; ML (supervised/unsupervised/DNN); forecasting & financial analysis; English/Chinese. Built VBA systems improving workflow (up to 20%); SQL research; image-processing pipeline (+30% speed).","Corporate Banking Assistant, Intern (May–Aug 2015)—commercial mortgage risk reports (appraisal, cash flow, RAROC, sensitivity), SME research in SQL, VBA documentation system. Office Assistant, Intern (Jun–Aug 2012)—VBA feedback system (+20% team efficiency), SOP updates. Undergraduate Researcher (Mar 2011–May 2012)—image classification (+30% speed), wildlife ML labeling. Assistant Analyst, Intern (Jun–Jul 2010)—China mobile market research; due diligence support.",Entry-level,R017,Q017,How do you react to sudden changes in priorities?,Adaptability,Banking / Financial Analyst,Data Scientist,Hard,1 year,Behavioral,A017,"I'm always eager to learn and embrace change as a way to improve. For example, I once had to switch to a new tech stack and picked it up quickly. How do you react to sudden changes in priorities?",Ankshi ideal_answer,['adjust' 'change'],True,Synthetic association: CareerCorpus candidate profile linked to a semantically compatible Ankshi interview question.
C005,34953092,Banking,"M.S. Computer Engineering, University of Missouri–Columbia (2016), GPA 3.46; Graduate Research Assistant. B.S. Finance & Banking, University of Missouri–Columbia (2013), Minor in Mathematics; VP, Chinese Business Student Association.","Python, C++, Sql, Financial Analysis, Research","C/C++, Python, MATLAB, SQL, R, LUA, VBA; ML (supervised/unsupervised/DNN); forecasting & financial analysis; English/Chinese. Built VBA systems improving workflow (up to 20%); SQL research; image-processing pipeline (+30% speed).","Corporate Banking Assistant, Intern (May–Aug 2015)—commercial mortgage risk reports (appraisal, cash flow, RAROC, sensitivity), SME research in SQL, VBA documentation system. Office Assistant, Intern (Jun–Aug 2012)—VBA feedback system (+20% team efficiency), SOP updates. Undergraduate Researcher (Mar 2011–May 2012)—image classification (+30% speed), wildlife ML labeling. Assistant Analyst, Intern (Jun–Jul 2010)—China mobile market research; due diligence support.",Entry-level,R018,Q018,Tell me about a time you mentored someone.,Leadership,Banking / Financial Analyst,Software Engineer,Medium,7+ years,STAR-Based,A018,"I lead by example and encourage open communication and accountability. One time, I led a team through X and we achieved Y. Tell me about a time you mentored someone.",Ankshi ideal_answer,['manage' 'mentor'],True,Synthetic association: CareerCorpus candidate profile linked to a semantically compatible Ankshi interview question.
C005,34953092,Banking,"M.S. Computer Engineering, University of Missouri–Columbia (2016), GPA 3.46; Graduate Research Assistant. B.S. Finance & Banking, University of Missouri–Columbia (2013), Minor in Mathematics; VP, Chinese Business Student Association.","Python, C++, Sql, Financial Analysis, Research","C/C++, Python, MATLAB, SQL, R, LUA, VBA; ML (supervised/unsupervised/DNN); forecasting & financial analysis; English/Chinese. Built VBA systems improving workflow (up to 20%); SQL research; image-processing pipeline (+30% speed).","Corporate Banking Assistant, Intern (May–Aug 2015)—commercial mortgage risk reports (appraisal, cash flow, RAROC, sensitivity), SME research in SQL, VBA documentation system. Office Assistant, Intern (Jun–Aug 2012)—VBA feedback system (+20% team efficiency), SOP updates. Undergraduate Researcher (Mar 2011–May 2012)—image classification (+30% speed), wildlife ML labeling. Assistant Analyst, Intern (Jun–Jul 2010)—China mobile market research; due diligence support.",Entry-level,R019,Q019,Describe a time you failed and what you learned from it.,Adaptability,Banking / Financial Analyst,QA Analyst,Medium,intern,Situational,A019,"I'm always eager to learn and embrace change as a way to improve. For example, I once had to switch to a new tech stack and picked it up quickly. Describe a time you failed and what you learned from it.",Ankshi ideal_answer,['change' 'flexible'],True,Synthetic association: CareerCorpus candidate profile linked to a semantically compatible Ankshi interview question.
C005,34953092,Banking,"M.S. Computer Engineering, University of Missouri–Columbia (2016), GPA 3.46; Graduate Research Assistant. B.S. Finance & Banking, University of Missouri–Columbia (2013), Minor in Mathematics; VP, Chinese Business Student Association.","Python, C++, Sql, Financial Analysis, Research","C/C++, Python, MATLAB, SQL, R, LUA, VBA; ML (supervised/unsupervised/DNN); forecasting & financial analysis; English/Chinese. Built VBA systems improving workflow (up to 20%); SQL research; image-processing pipeline (+30% speed).","Corporate Banking Assistant, Intern (May–Aug 2015)—commercial mortgage risk reports (appraisal, cash flow, RAROC, sensitivity), SME research in SQL, VBA documentation system. Office Assistant, Intern (Jun–Aug 2012)—VBA feedback system (+20% team efficiency), SOP updates. Undergraduate Researcher (Mar 2011–May 2012)—image classification (+30% speed), wildlife ML labeling. Assistant Analyst, Intern (Jun–Jul 2010)—China mobile market research; due diligence support.",Entry-level,R020,Q020,How do you stay updated with industry trends?,Adaptability,Banking / Financial Analyst,QA Analyst,Easy,6 years,Open-Ended,A020,"I'm always eager to learn and embrace change as a way to improve. For example, I once had to switch to a new tech stack and picked it up quickly. How do you stay updated with industry trends?",Ankshi ideal_answer,['learn' 'adjust'],True,Synthetic association: CareerCorpus candidate profile linked to a semantically compatible Ankshi interview question.
C006,11877150,Finance,"S.E. in Accounting, Kwik Kian Gie School of Business (2013); High School Diploma (2008).","Communication, Budgeting, Ms Office","Advanced MS Office; bilingual English/Indonesian; strong time management, communication, and interpersonal skills; budgeting/modeling, expense planning, variance reporting, commissions calculation, petty cash and bank transactions; audit support—controls assessment, cost reporting, risk mitigation.","Finance (07/2013–Present)—drive cost savings, forecast project OPEX, analyze budgets/financials, partner with managers on annual expense plans, report monthly variances, model cash needs, handle commissions, petty cash, and banking; Junior Auditor (02/2012–06/2012)—gathered audit data, reviewed cost reports, reported control issues, presented findings and recommendations, and assessed process risks and gaps.",Mid-level,R021,Q021,How does this role fit into your career path?,Career Goals,Financial Analyst,QA Analyst,Easy,7+ years,Open-Ended,A021,My long-term goal is to grow into a senior role where I can contribute more strategically and mentor others. This role brings me closer to that. How does this role fit into your career path?,Ankshi ideal_answer,['next step' 'aspiration'],True,Synthetic association: CareerCorpus candidate profile linked to a semantically compatible Ankshi interview question.
C006,11877150,Finance,"S.E. in Accounting, Kwik Kian Gie School of Business (2013); High School Diploma (2008).","Communication, Budgeting, Ms Office","Advanced MS Office; bilingual English/Indonesian; strong time management, communication, and interpersonal skills; budgeting/modeling, expense planning, variance reporting, commissions calculation, petty cash and bank transactions; audit support—controls assessment, cost reporting, risk mitigation.","Finance (07/2013–Present)—drive cost savings, forecast project OPEX, analyze budgets/financials, partner with managers on annual expense plans, report monthly variances, model cash needs, handle commissions, petty cash, and banking; Junior Auditor (02/2012–06/2012)—gathered audit data, reviewed cost reports, reported control issues, presented findings and recommendations, and assessed process risks and gaps.",Mid-level,R022,Q022,Tell me about a conflict you had with a coworker and how you resolved it.,Conflict Resolution,Financial Analyst,QA Analyst,Easy,6 years,Behavioral,A022,"When faced with conflict, I approach it calmly and try to understand all perspectives before finding a solution together. Tell me about a conflict you had with a coworker and how you resolved it.",Ankshi ideal_answer,['problem' 'conflict'],True,Synthetic association: CareerCorpus candidate profile linked to a semantically compatible Ankshi interview question.
C006,11877150,Finance,"S.E. in Accounting, Kwik Kian Gie School of Business (2013); High School Diploma (2008).","Communication, Budgeting, Ms Office","Advanced MS Office; bilingual English/Indonesian; strong time management, communication, and interpersonal skills; budgeting/modeling, expense planning, variance reporting, commissions calculation, petty cash and bank transactions; audit support—controls assessment, cost reporting, risk mitigation.","Finance (07/2013–Present)—drive cost savings, forecast project OPEX, analyze budgets/financials, partner with managers on annual expense plans, report monthly variances, model cash needs, handle commissions, petty cash, and banking; Junior Auditor (02/2012–06/2012)—gathered audit data, reviewed cost reports, reported control issues, presented findings and recommendations, and assessed process risks and gaps.",Mid-level,R023,Q023,Tell me about a time you had to learn something completely new quickly.,Adaptability,Financial Analyst,QA Analyst,Easy,6 years,Behavioral,A023,"I'm always eager to learn and embrace change as a way to improve. For example, I once had to switch to a new tech stack and picked it up quickly. Tell me about a time you had to learn something completely new quickly.",Ankshi ideal_answer,['flexible' 'learn'],True,Synthetic association: CareerCorpus candidate profile linked to a semantically compatible Ankshi interview question.
C006,11877150,Finance,"S.E. in Accounting, Kwik Kian Gie School of Business (2013); High School Diploma (2008).","Communication, Budgeting, Ms Office","Advanced MS Office; bilingual English/Indonesian; strong time management, communication, and interpersonal skills; budgeting/modeling, expense planning, variance reporting, commissions calculation, petty cash and bank transactions; audit support—controls assessment, cost reporting, risk mitigation.","Finance (07/2013–Present)—drive cost savings, forecast project OPEX, analyze budgets/financials, partner with managers on annual expense plans, report monthly variances, model cash needs, handle commissions, petty cash, and banking; Junior Auditor (02/2012–06/2012)—gathered audit data, reviewed cost reports, reported control issues, presented findings and recommendations, and assessed process risks and gaps.",Mid-level,R024,Q024,Tell me about a time you mentored someone.,Leadership,Financial Analyst,QA Analyst,Easy,3 years,Open-Ended,A024,"I lead by example and encourage open communication and accountability. One time, I led a team through X and we achieved Y. Tell me about a time you mentored someone.",Ankshi ideal_answer,['mentor' 'manage'],True,Synthetic association: CareerCorpus candidate profile linked to a semantically compatible Ankshi interview question.
C007,86549455,Finance,"Ph.D., Organizational Leadership — The Chicago School of Professional Psychology (2013); M.A., Industrial-Organizational Psychology — The Chicago School of Professional Psychology (2008); B.S., Psychology — Belmont University (2006).","Data Analysis, Project Management, Leadership, Training","Leadership development, employee relations, training & facilitation, project management, predictive/budget planning, data analysis, public speaking, mentoring; developed risk-reduction metrics; board/committee leadership across multiple professional groups.","Finance (Jul 2008–Oct 2015) — roles in integrated scheduling, contracts, business partnership; advised managers, developed metrics, directed training, liaison between leadership and teams; Adjunct Professor (Aug 2013–Present) — teach leadership/human behavior to adult learners and tailor curricula; HR Generalist Intern (Jul 2014–Mar 2015) — bridge management and employees, advise on policy, drive job-description development.",Senior-level,R025,Q025,Tell me about a time you were highly motivated to achieve a goal.,Motivation,Financial Analyst,QA Analyst,Easy,4 years,STAR-Based,A025,I'm motivated by challenges and the opportunity to grow both personally and professionally. Tell me about a time you were highly motivated to achieve a goal.,Ankshi ideal_answer,['drive' 'reason'],True,Synthetic association: CareerCorpus candidate profile linked to a semantically compatible Ankshi interview question.
C007,86549455,Finance,"Ph.D., Organizational Leadership — The Chicago School of Professional Psychology (2013); M.A., Industrial-Organizational Psychology — The Chicago School of Professional Psychology (2008); B.S., Psychology — Belmont University (2006).","Data Analysis, Project Management, Leadership, Training","Leadership development, employee relations, training & facilitation, project management, predictive/budget planning, data analysis, public speaking, mentoring; developed risk-reduction metrics; board/committee leadership across multiple professional groups.","Finance (Jul 2008–Oct 2015) — roles in integrated scheduling, contracts, business partnership; advised managers, developed metrics, directed training, liaison between leadership and teams; Adjunct Professor (Aug 2013–Present) — teach leadership/human behavior to adult learners and tailor curricula; HR Generalist Intern (Jul 2014–Mar 2015) — bridge management and employees, advise on policy, drive job-description development.",Senior-level,R026,Q026,Tell me about a time you worked well within a team.,Team Collaboration,Financial Analyst,QA Analyst,Easy,3 years,Behavioral,A026,"I believe communication and mutual respect are key to successful collaboration. In one project, we achieved X because of great teamwork. Tell me about a time you worked well within a team.",Ankshi ideal_answer,['group' 'partner'],True,Synthetic association: CareerCorpus candidate profile linked to a semantically compatible Ankshi interview question.
C007,86549455,Finance,"Ph.D., Organizational Leadership — The Chicago School of Professional Psychology (2013); M.A., Industrial-Organizational Psychology — The Chicago School of Professional Psychology (2008); B.S., Psychology — Belmont University (2006).","Data Analysis, Project Management, Leadership, Training","Leadership development, employee relations, training & facilitation, project management, predictive/budget planning, data analysis, public speaking, mentoring; developed risk-reduction metrics; board/committee leadership across multiple professional groups.","Finance (Jul 2008–Oct 2015) — roles in integrated scheduling, contracts, business partnership; advised managers, developed metrics, directed training, liaison between leadership and teams; Adjunct Professor (Aug 2013–Present) — teach leadership/human behavior to adult learners and tailor curricula; HR Generalist Intern (Jul 2014–Mar 2015) — bridge management and employees, advise on policy, drive job-description development.",Senior-level,R027,Q027,What are your expectations from leadership in a company?,Culture Fit,Financial Analyst,QA Analyst,Easy,2 years,Situational,A027,"I thrive in collaborative, transparent environments where innovation and respect are valued. What are your expectations from leadership in a company?",Ankshi ideal_answer,['fit' 'culture'],True,Synthetic association: CareerCorpus candidate profile linked to a semantically compatible Ankshi interview question.
C007,86549455,Finance,"Ph.D., Organizational Leadership — The Chicago School of Professional Psychology (2013); M.A., Industrial-Organizational Psychology — The Chicago School of Professional Psychology (2008); B.S., Psychology — Belmont University (2006).","Data Analysis, Project Management, Leadership, Training","Leadership development, employee relations, training & facilitation, project management, predictive/budget planning, data analysis, public speaking, mentoring; developed risk-reduction metrics; board/committee leadership across multiple professional groups.","Finance (Jul 2008–Oct 2015) — roles in integrated scheduling, contracts, business partnership; advised managers, developed metrics, directed training, liaison between leadership and teams; Adjunct Professor (Aug 2013–Present) — teach leadership/human behavior to adult learners and tailor curricula; HR Generalist Intern (Jul 2014–Mar 2015) — bridge management and employees, advise on policy, drive job-description development.",Senior-level,R028,Q028,What are your long-term career aspirations?,Career Goals,Financial Analyst,QA Analyst,Easy,4 years,Open-Ended,A028,My long-term goal is to grow into a senior role where I can contribute more strategically and mentor others. This role brings me closer to that. What are your long-term career aspirations?,Ankshi ideal_answer,['plan' 'future'],True,Synthetic association: CareerCorpus candidate profile linked to a semantically compatible Ankshi interview question.
C008,26530575,Finance,"MBA — Keller Graduate School of Management; B.A. Accounting — Queens College (CUNY). Certifications: CPA (New York), CGMA; Member, AICPA.","Financial Reporting, Leadership, Negotiation, Training, Budgeting, Documentation","GAAP financial reporting, budgeting/forecasting, variance analysis, internal controls, audit (external/internal), risk assessment, process re-engineering, ERP/financial systems (EPIC, Financial Edge), payroll integration, contract negotiation, leadership. Cut office expenses via vendor optimization; reduced audit documentation ~30% with electronic workpapers; cut payroll processing time 50%; built virtual onboarding tool; chaired Business Development/Training committees.","Finance Manager, OhioHealth Physician Group — led GAAP reporting for two enterprises, modeled/planned financial processes, managed audits, Form 990 & state filings, and redesigned revenue accruals (EPIC). Financial Controller, The New 42nd Street, Inc. — owned GAAP statements, audits, grants/city compliance, staff leadership (3), system conversion (Financial Edge) and payroll integration. Internal Auditor, Columbia University — operational/financial audits, NCAA/Ivy compliance, fraud investigations, governance/SOP setup, coordination with PwC. Supervising Auditor, PwC — led risk assessments, plans, and teams for large higher-ed/nonprofit clients. Supervising Senior Auditor, Loeb & Troper — consolidated statements, A-133/pension/GAS audits, staff development, e-workpaper rollout, campus recruiting.",Senior-level,R029,Q029,What drives your passion for this field?,Motivation,Financial Analyst,QA Analyst,Easy,6 years,Situational,A029,I'm motivated by challenges and the opportunity to grow both personally and professionally. What drives your passion for this field?,Ankshi ideal_answer,['drive' 'inspiration'],True,Synthetic association: CareerCorpus candidate profile linked to a semantically compatible Ankshi interview question.
C008,26530575,Finance,"MBA — Keller Graduate School of Management; B.A. Accounting — Queens College (CUNY). Certifications: CPA (New York), CGMA; Member, AICPA.","Financial Reporting, Leadership, Negotiation, Training, Budgeting, Documentation","GAAP financial reporting, budgeting/forecasting, variance analysis, internal controls, audit (external/internal), risk assessment, process re-engineering, ERP/financial systems (EPIC, Financial Edge), payroll integration, contract negotiation, leadership. Cut office expenses via vendor optimization; reduced audit documentation ~30% with electronic workpapers; cut payroll processing time 50%; built virtual onboarding tool; chaired Business Development/Training committees.","Finance Manager, OhioHealth Physician Group — led GAAP reporting for two enterprises, modeled/planned financial processes, managed audits, Form 990 & state filings, and redesigned revenue accruals (EPIC). Financial Controller, The New 42nd Street, Inc. — owned GAAP statements, audits, grants/city compliance, staff leadership (3), system conversion (Financial Edge) and payroll integration. Internal Auditor, Columbia University — operational/financial audits, NCAA/Ivy compliance, fraud investigations, governance/SOP setup, coordination with PwC. Supervising Auditor, PwC — led risk assessments, plans, and teams for large higher-ed/nonprofit clients. Supervising Senior Auditor, Loeb & Troper — consolidated statements, A-133/pension/GAS audits, staff development, e-workpaper rollout, campus recruiting.",Senior-level,R030,Q030,What kind of growth opportunities are you looking for?,Career Goals,Financial Analyst,QA Analyst,Easy,5 years,Open-Ended,A030,My long-term goal is to grow into a senior role where I can contribute more strategically and mentor others. This role brings me closer to that. What kind of growth opportunities are you looking for?,Ankshi ideal_answer,['plan' 'dream'],True,Synthetic association: CareerCorpus candidate profile linked to a semantically compatible Ankshi interview question.
C008,26530575,Finance,"MBA — Keller Graduate School of Management; B.A. Accounting — Queens College (CUNY). Certifications: CPA (New York), CGMA; Member, AICPA.","Financial Reporting, Leadership, Negotiation, Training, Budgeting, Documentation","GAAP financial reporting, budgeting/forecasting, variance analysis, internal controls, audit (external/internal), risk assessment, process re-engineering, ERP/financial systems (EPIC, Financial Edge), payroll integration, contract negotiation, leadership. Cut office expenses via vendor optimization; reduced audit documentation ~30% with electronic workpapers; cut payroll processing time 50%; built virtual onboarding tool; chaired Business Development/Training committees.","Finance Manager, OhioHealth Physician Group — led GAAP reporting for two enterprises, modeled/planned financial processes, managed audits, Form 990 & state filings, and redesigned revenue accruals (EPIC). Financial Controller, The New 42nd Street, Inc. — owned GAAP statements, audits, grants/city compliance, staff leadership (3), system conversion (Financial Edge) and payroll integration. Internal Auditor, Columbia University — operational/financial audits, NCAA/Ivy compliance, fraud investigations, governance/SOP setup, coordination with PwC. Supervising Auditor, PwC — led risk assessments, plans, and teams for large higher-ed/nonprofit clients. Supervising Senior Auditor, Loeb & Troper — consolidated statements, A-133/pension/GAS audits, staff development, e-workpaper rollout, campus recruiting.",Senior-level,R031,Q031,What makes a good leader in your opinion?,Leadership,Financial Analyst,QA Analyst,Easy,3 years,Behavioral,A031,"I lead by example and encourage open communication and accountability. One time, I led a team through X and we achieved Y. What makes a good leader in your opinion?",Ankshi ideal_answer,['lead' 'mentor'],True,Synthetic association: CareerCorpus candidate profile linked to a semantically compatible Ankshi interview question.
C008,26530575,Finance,"MBA — Keller Graduate School of Management; B.A. Accounting — Queens College (CUNY). Certifications: CPA (New York), CGMA; Member, AICPA.","Financial Reporting, Leadership, Negotiation, Training, Budgeting, Documentation","GAAP financial reporting, budgeting/forecasting, variance analysis, internal controls, audit (external/internal), risk assessment, process re-engineering, ERP/financial systems (EPIC, Financial Edge), payroll integration, contract negotiation, leadership. Cut office expenses via vendor optimization; reduced audit documentation ~30% with electronic workpapers; cut payroll processing time 50%; built virtual onboarding tool; chaired Business Development/Training committees.","Finance Manager, OhioHealth Physician Group — led GAAP reporting for two enterprises, modeled/planned financial processes, managed audits, Form 990 & state filings, and redesigned revenue accruals (EPIC). Financial Controller, The New 42nd Street, Inc. — owned GAAP statements, audits, grants/city compliance, staff leadership (3), system conversion (Financial Edge) and payroll integration. Internal Auditor, Columbia University — operational/financial audits, NCAA/Ivy compliance, fraud investigations, governance/SOP setup, coordination with PwC. Supervising Auditor, PwC — led risk assessments, plans, and teams for large higher-ed/nonprofit clients. Supervising Senior Auditor, Loeb & Troper — consolidated statements, A-133/pension/GAS audits, staff development, e-workpaper rollout, campus recruiting.",Senior-level,R032,Q032,What motivates you to come to work every day?,Motivation,Financial Analyst,QA Analyst,Easy,1 year,Situational,A032,I'm motivated by challenges and the opportunity to grow both personally and professionally. What motivates you to come to work every day?,Ankshi ideal_answer,['drive' 'why'],True,Synthetic association: CareerCorpus candidate profile linked to a semantically compatible Ankshi interview question.
C009,23955183,Finance,"B.S. Business Administration—Finance, California State University, Bakersfield (2010). Phi Sigma Sigma.","Training, Budgeting, Documentation","Variance and gap analysis, KPI/ratio monitoring, financial modeling, budgeting, ROI and P&L evaluation, pricing/sales analysis, competitive analysis, pivot tables/charts & macros, presentations, cross-functional collaboration, training/documentation, billing resolution. Led event budgets/logistics (sorority & corporate committees); held chapter presidency; community service involvement.","Finance Analyst (2013–Present) — deliver variance/KPI reporting, trend analysis, pricing and sales analytics, ROI/P&L assessments, budget planning, weekly reporting, trade support for product releases, process improvements, training, and multi-timezone support. Claim Representative (2011–2013) — investigated claims, assessed liability and damages, negotiated settlements, prepared reports, managed evidence and titles, and maintained customer records. Insurance Intern (2010) — prospected clients, analyzed coverage needs, customized programs, calculated premiums, coordinated underwriting, and supported policy issuance.",Mid-level,R033,Q033,What role do you usually play in group settings?,Team Collaboration,Financial Analyst,QA Analyst,Easy,fresher,Situational,A033,"I believe communication and mutual respect are key to successful collaboration. In one project, we achieved X because of great teamwork. What role do you usually play in group settings?",Ankshi ideal_answer,['collaboration' 'team'],True,Synthetic association: CareerCorpus candidate profile linked to a semantically compatible Ankshi interview question.
C009,23955183,Finance,"B.S. Business Administration—Finance, California State University, Bakersfield (2010). Phi Sigma Sigma.","Training, Budgeting, Documentation","Variance and gap analysis, KPI/ratio monitoring, financial modeling, budgeting, ROI and P&L evaluation, pricing/sales analysis, competitive analysis, pivot tables/charts & macros, presentations, cross-functional collaboration, training/documentation, billing resolution. Led event budgets/logistics (sorority & corporate committees); held chapter presidency; community service involvement.","Finance Analyst (2013–Present) — deliver variance/KPI reporting, trend analysis, pricing and sales analytics, ROI/P&L assessments, budget planning, weekly reporting, trade support for product releases, process improvements, training, and multi-timezone support. Claim Representative (2011–2013) — investigated claims, assessed liability and damages, negotiated settlements, prepared reports, managed evidence and titles, and maintained customer records. Insurance Intern (2010) — prospected clients, analyzed coverage needs, customized programs, calculated premiums, coordinated underwriting, and supported policy issuance.",Mid-level,R034,Q034,What skills do you hope to develop in your next role?,Career Goals,Financial Analyst,QA Analyst,Easy,3 years,STAR-Based,A034,My long-term goal is to grow into a senior role where I can contribute more strategically and mentor others. This role brings me closer to that. What skills do you hope to develop in your next role?,Ankshi ideal_answer,['future' 'next step'],True,Synthetic association: CareerCorpus candidate profile linked to a semantically compatible Ankshi interview question.
C009,23955183,Finance,"B.S. Business Administration—Finance, California State University, Bakersfield (2010). Phi Sigma Sigma.","Training, Budgeting, Documentation","Variance and gap analysis, KPI/ratio monitoring, financial modeling, budgeting, ROI and P&L evaluation, pricing/sales analysis, competitive analysis, pivot tables/charts & macros, presentations, cross-functional collaboration, training/documentation, billing resolution. Led event budgets/logistics (sorority & corporate committees); held chapter presidency; community service involvement.","Finance Analyst (2013–Present) — deliver variance/KPI reporting, trend analysis, pricing and sales analytics, ROI/P&L assessments, budget planning, weekly reporting, trade support for product releases, process improvements, training, and multi-timezone support. Claim Representative (2011–2013) — investigated claims, assessed liability and damages, negotiated settlements, prepared reports, managed evidence and titles, and maintained customer records. Insurance Intern (2010) — prospected clients, analyzed coverage needs, customized programs, calculated premiums, coordinated underwriting, and supported policy issuance.",Mid-level,R035,Q035,What tools or methods help you stay organized?,Work Style,Financial Analyst,QA Analyst,Easy,intern,Situational,A035,I follow a structured workflow and use tools like Jira/Trello/Notion to manage my tasks efficiently. What tools or methods help you stay organized?,Ankshi ideal_answer,['workflow' 'daily routine'],True,Synthetic association: CareerCorpus candidate profile linked to a semantically compatible Ankshi interview question.
C009,23955183,Finance,"B.S. Business Administration—Finance, California State University, Bakersfield (2010). Phi Sigma Sigma.","Training, Budgeting, Documentation","Variance and gap analysis, KPI/ratio monitoring, financial modeling, budgeting, ROI and P&L evaluation, pricing/sales analysis, competitive analysis, pivot tables/charts & macros, presentations, cross-functional collaboration, training/documentation, billing resolution. Led event budgets/logistics (sorority & corporate committees); held chapter presidency; community service involvement.","Finance Analyst (2013–Present) — deliver variance/KPI reporting, trend analysis, pricing and sales analytics, ROI/P&L assessments, budget planning, weekly reporting, trade support for product releases, process improvements, training, and multi-timezone support. Claim Representative (2011–2013) — investigated claims, assessed liability and damages, negotiated settlements, prepared reports, managed evidence and titles, and maintained customer records. Insurance Intern (2010) — prospected clients, analyzed coverage needs, customized programs, calculated premiums, coordinated underwriting, and supported policy issuance.",Mid-level,R036,Q036,What type of company culture do you thrive in?,Culture Fit,Financial Analyst,QA Analyst,Easy,7+ years,Situational,A036,"I thrive in collaborative, transparent environments where innovation and respect are valued. What type of company culture do you thrive in?",Ankshi ideal_answer,['environment' 'culture'],True,Synthetic association: CareerCorpus candidate profile linked to a semantically compatible Ankshi interview question.
C010,24854026,Finance,"M.S. Technology Management, Stevens Institute of Technology (2014). B.S. Business Administration—Finance, Seton Hall University (2005).","Sql, Excel, Negotiation, Credit","Financial modeling; dashboards & executive reporting; Teradata SQL, OBIEE, Access/Excel (pivots, VBA/macros); payment processing & B2B acceptance; vendor/processor negotiations; SOX & audit support; reconciliation systems (ReconNET) administration; risk/fraud collaboration; project & stakeholder management. Delivered $3.9M+ annual credit-card interchange savings; launched Softcard mobile wallet in trial markets; recovered lost revenue from returned checks.","Finance Consultant (2016–Present): monthly payments analytics, BI ad-hoc reporting, automation with Access/Excel/VBA, support for M&A/divestitures and product launches, processor/card-brand negotiation analysis. Senior Financial Analyst (2009–2016): FP&A liaison for indirect sales, reporting for 282 agents/5,744 locations, credit policy for iPhone launches, business cases, B2B payments strategy and ReconNET admin, SOX/audit/close, temporary Finance Manager for mobile wallet launch. Retail Analyst (2007–2009): sales-to-deposit reconciliations for ~90 stores, aging reports, risk work with fraud/audit. Treasury Assistant (2005–2007): journal entries, close support, recovered revenue from returned checks.",Senior-level,R037,Q037,What would you do if you disagreed with your manager?,Conflict Resolution,Financial Analyst,QA Analyst,Easy,3 years,Situational,A037,"When faced with conflict, I approach it calmly and try to understand all perspectives before finding a solution together. What would you do if you disagreed with your manager?",Ankshi ideal_answer,['disagree' 'conflict'],True,Synthetic association: CareerCorpus candidate profile linked to a semantically compatible Ankshi interview question.
C010,24854026,Finance,"M.S. Technology Management, Stevens Institute of Technology (2014). B.S. Business Administration—Finance, Seton Hall University (2005).","Sql, Excel, Negotiation, Credit","Financial modeling; dashboards & executive reporting; Teradata SQL, OBIEE, Access/Excel (pivots, VBA/macros); payment processing & B2B acceptance; vendor/processor negotiations; SOX & audit support; reconciliation systems (ReconNET) administration; risk/fraud collaboration; project & stakeholder management. Delivered $3.9M+ annual credit-card interchange savings; launched Softcard mobile wallet in trial markets; recovered lost revenue from returned checks.","Finance Consultant (2016–Present): monthly payments analytics, BI ad-hoc reporting, automation with Access/Excel/VBA, support for M&A/divestitures and product launches, processor/card-brand negotiation analysis. Senior Financial Analyst (2009–2016): FP&A liaison for indirect sales, reporting for 282 agents/5,744 locations, credit policy for iPhone launches, business cases, B2B payments strategy and ReconNET admin, SOX/audit/close, temporary Finance Manager for mobile wallet launch. Retail Analyst (2007–2009): sales-to-deposit reconciliations for ~90 stores, aging reports, risk work with fraud/audit. Treasury Assistant (2005–2007): journal entries, close support, recovered revenue from returned checks.",Senior-level,R038,Q038,What's the most significant change you've had to adapt to at work?,Adaptability,Financial Analyst,QA Analyst,Easy,4 years,STAR-Based,A038,"I'm always eager to learn and embrace change as a way to improve. For example, I once had to switch to a new tech stack and picked it up quickly. What's the most significant change you've had to adapt to at work?",Ankshi ideal_answer,['change' 'flexible'],True,Synthetic association: CareerCorpus candidate profile linked to a semantically compatible Ankshi interview question.
C010,24854026,Finance,"M.S. Technology Management, Stevens Institute of Technology (2014). B.S. Business Administration—Finance, Seton Hall University (2005).","Sql, Excel, Negotiation, Credit","Financial modeling; dashboards & executive reporting; Teradata SQL, OBIEE, Access/Excel (pivots, VBA/macros); payment processing & B2B acceptance; vendor/processor negotiations; SOX & audit support; reconciliation systems (ReconNET) administration; risk/fraud collaboration; project & stakeholder management. Delivered $3.9M+ annual credit-card interchange savings; launched Softcard mobile wallet in trial markets; recovered lost revenue from returned checks.","Finance Consultant (2016–Present): monthly payments analytics, BI ad-hoc reporting, automation with Access/Excel/VBA, support for M&A/divestitures and product launches, processor/card-brand negotiation analysis. Senior Financial Analyst (2009–2016): FP&A liaison for indirect sales, reporting for 282 agents/5,744 locations, credit policy for iPhone launches, business cases, B2B payments strategy and ReconNET admin, SOX/audit/close, temporary Finance Manager for mobile wallet launch. Retail Analyst (2007–2009): sales-to-deposit reconciliations for ~90 stores, aging reports, risk work with fraud/audit. Treasury Assistant (2005–2007): journal entries, close support, recovered revenue from returned checks.",Senior-level,R039,Q039,Where do you see yourself in 5 years?,Career Goals,Financial Analyst,QA Analyst,Easy,1 year,Open-Ended,A039,My long-term goal is to grow into a senior role where I can contribute more strategically and mentor others. This role brings me closer to that. Where do you see yourself in 5 years?,Ankshi ideal_answer,['next step' 'plan'],True,Synthetic association: CareerCorpus candidate profile linked to a semantically compatible Ankshi interview question.
C010,24854026,Finance,"M.S. Technology Management, Stevens Institute of Technology (2014). B.S. Business Administration—Finance, Seton Hall University (2005).","Sql, Excel, Negotiation, Credit","Financial modeling; dashboards & executive reporting; Teradata SQL, OBIEE, Access/Excel (pivots, VBA/macros); payment processing & B2B acceptance; vendor/processor negotiations; SOX & audit support; reconciliation systems (ReconNET) administration; risk/fraud collaboration; project & stakeholder management. Delivered $3.9M+ annual credit-card interchange savings; launched Softcard mobile wallet in trial markets; recovered lost revenue from returned checks.","Finance Consultant (2016–Present): monthly payments analytics, BI ad-hoc reporting, automation with Access/Excel/VBA, support for M&A/divestitures and product launches, processor/card-brand negotiation analysis. Senior Financial Analyst (2009–2016): FP&A liaison for indirect sales, reporting for 282 agents/5,744 locations, credit policy for iPhone launches, business cases, B2B payments strategy and ReconNET admin, SOX/audit/close, temporary Finance Manager for mobile wallet launch. Retail Analyst (2007–2009): sales-to-deposit reconciliations for ~90 stores, aging reports, risk work with fraud/audit. Treasury Assistant (2005–2007): journal entries, close support, recovered revenue from returned checks.",Senior-level,R040,Q040,Why do you want to work at our company?,Motivation,Financial Analyst,QA Analyst,Easy,5 years,Behavioral,A040,I'm motivated by challenges and the opportunity to grow both personally and professionally. Why do you want to work at our company?,Ankshi ideal_answer,['drive' 'reason'],True,Synthetic association: CareerCorpus candidate profile linked to a semantically compatible Ankshi interview question.
C011,15906625,ACCOUNTANT,"B.S. in Accounting, Northwestern State University of Louisiana (2002). Graduated magna cum laude; Phi Kappa Phi and Alpha Lambda Delta member; CPAExcel Scholar; George H. Rothschild Scholar; Dean’s List every term.","Accounting, Tax, Budgeting","Government accounting, financial statements, bank recs, AP/AR, fixed assets, payroll, budgeting, closes, tax, GAAP.","City of Alexandria Accountant (2013–present)—lead AP & fixed assets; statements, bank recs, JEs, closes, 1099s, FEMA/GOHSEP reimbursements; prior—hospital F/S & budgets (2009–2013); public tax & payroll (2006–2008); tax & audits (2003–2004).",Senior-level,R041,Q041,Tell me about a time you had to learn something completely new quickly.,Adaptability,Accountant,DevOps Engineer,Easy,fresher,Open-Ended,A041,"I'm always eager to learn and embrace change as a way to improve. For example, I once had to switch to a new tech stack and picked it up quickly. Tell me about a time you had to learn something completely new quickly.",Ankshi ideal_answer,['flexible' 'change'],True,Synthetic association: CareerCorpus candidate profile linked to a semantically compatible Ankshi interview question.
C011,15906625,ACCOUNTANT,"B.S. in Accounting, Northwestern State University of Louisiana (2002). Graduated magna cum laude; Phi Kappa Phi and Alpha Lambda Delta member; CPAExcel Scholar; George H. Rothschild Scholar; Dean’s List every term.","Accounting, Tax, Budgeting","Government accounting, financial statements, bank recs, AP/AR, fixed assets, payroll, budgeting, closes, tax, GAAP.","City of Alexandria Accountant (2013–present)—lead AP & fixed assets; statements, bank recs, JEs, closes, 1099s, FEMA/GOHSEP reimbursements; prior—hospital F/S & budgets (2009–2013); public tax & payroll (2006–2008); tax & audits (2003–2004).",Senior-level,R042,Q042,What's the most significant change you've had to adapt to at work?,Adaptability,Accountant,DevOps Engineer,Medium,intern,STAR-Based,A042,"I'm always eager to learn and embrace change as a way to improve. For example, I once had to switch to a new tech stack and picked it up quickly. What's the most significant change you've had to adapt to at work?",Ankshi ideal_answer,['learn' 'adjust'],True,Synthetic association: CareerCorpus candidate profile linked to a semantically compatible Ankshi interview question.
C011,15906625,ACCOUNTANT,"B.S. in Accounting, Northwestern State University of Louisiana (2002). Graduated magna cum laude; Phi Kappa Phi and Alpha Lambda Delta member; CPAExcel Scholar; George H. Rothschild Scholar; Dean’s List every term.","Accounting, Tax, Budgeting","Government accounting, financial statements, bank recs, AP/AR, fixed assets, payroll, budgeting, closes, tax, GAAP.","City of Alexandria Accountant (2013–present)—lead AP & fixed assets; statements, bank recs, JEs, closes, 1099s, FEMA/GOHSEP reimbursements; prior—hospital F/S & budgets (2009–2013); public tax & payroll (2006–2008); tax & audits (2003–2004).",Senior-level,R043,Q043,How do you motivate others in a leadership role?,Leadership,Accountant,Marketing Associate,Hard,6 years,Situational,A043,"I lead by example and encourage open communication and accountability. One time, I led a team through X and we achieved Y. How do you motivate others in a leadership role?",Ankshi ideal_answer,['guide' 'mentor'],True,Synthetic association: CareerCorpus candidate profile linked to a semantically compatible Ankshi interview question.
C011,15906625,ACCOUNTANT,"B.S. in Accounting, Northwestern State University of Louisiana (2002). Graduated magna cum laude; Phi Kappa Phi and Alpha Lambda Delta member; CPAExcel Scholar; George H. Rothschild Scholar; Dean’s List every term.","Accounting, Tax, Budgeting","Government accounting, financial statements, bank recs, AP/AR, fixed assets, payroll, budgeting, closes, tax, GAAP.","City of Alexandria Accountant (2013–present)—lead AP & fixed assets; statements, bank recs, JEs, closes, 1099s, FEMA/GOHSEP reimbursements; prior—hospital F/S & budgets (2009–2013); public tax & payroll (2006–2008); tax & audits (2003–2004).",Senior-level,R044,Q044,Describe a time you led a project or team.,Leadership,Accountant,UX Designer,Hard,2 years,Behavioral,A044,"I lead by example and encourage open communication and accountability. One time, I led a team through X and we achieved Y. Describe a time you led a project or team.",Ankshi ideal_answer,['mentor' 'manage'],True,Synthetic association: CareerCorpus candidate profile linked to a semantically compatible Ankshi interview question.
C012,30361788,ACCOUNTANT,"BBA in Accountancy, Western Michigan University, Haworth College of Business (2010).",Accounting,"School fund accounting; general ledger, bank recs, AP/AR; cash-flow forecasting; budget analysis/forecasting; governmental reporting; school bond experience; advanced computer skills and process improvement; CFO certification, Michigan School Business Officials.","Accountant, Jul 2014–Present—own GL for district, reconcile multiple bank accounts, project cash flows, manage AP/AR, simplify governmental reporting, analyze and amend budgets, assist auditors on financials, provide board financial data, create POs, reconcile student lunch accounts, prepare year-end tax documents, train staff on accounting software. Staff Accountant, Nov 2010–Jul 2014—AP for three districts, process POs and 1099s, produce weekly reports, streamline document attachment workflow. Package Handler, Aug 2007–Sep 2010—multiple Employee of the Month awards.",Senior-level,R045,Q045,How do you delegate tasks effectively?,Leadership,Accountant,HR Specialist,Hard,6 years,Behavioral,A045,"I lead by example and encourage open communication and accountability. One time, I led a team through X and we achieved Y. How do you delegate tasks effectively?",Ankshi ideal_answer,['supervise' 'manage'],True,Synthetic association: CareerCorpus candidate profile linked to a semantically compatible Ankshi interview question.
C012,30361788,ACCOUNTANT,"BBA in Accountancy, Western Michigan University, Haworth College of Business (2010).",Accounting,"School fund accounting; general ledger, bank recs, AP/AR; cash-flow forecasting; budget analysis/forecasting; governmental reporting; school bond experience; advanced computer skills and process improvement; CFO certification, Michigan School Business Officials.","Accountant, Jul 2014–Present—own GL for district, reconcile multiple bank accounts, project cash flows, manage AP/AR, simplify governmental reporting, analyze and amend budgets, assist auditors on financials, provide board financial data, create POs, reconcile student lunch accounts, prepare year-end tax documents, train staff on accounting software. Staff Accountant, Nov 2010–Jul 2014—AP for three districts, process POs and 1099s, produce weekly reports, streamline document attachment workflow. Package Handler, Aug 2007–Sep 2010—multiple Employee of the Month awards.",Senior-level,R046,Q046,What makes a good leader in your opinion?,Leadership,Accountant,Software Engineer,Hard,3 years,Open-Ended,A046,"I lead by example and encourage open communication and accountability. One time, I led a team through X and we achieved Y. What makes a good leader in your opinion?",Ankshi ideal_answer,['mentor' 'guide'],True,Synthetic association: CareerCorpus candidate profile linked to a semantically compatible Ankshi interview question.
C012,30361788,ACCOUNTANT,"BBA in Accountancy, Western Michigan University, Haworth College of Business (2010).",Accounting,"School fund accounting; general ledger, bank recs, AP/AR; cash-flow forecasting; budget analysis/forecasting; governmental reporting; school bond experience; advanced computer skills and process improvement; CFO certification, Michigan School Business Officials.","Accountant, Jul 2014–Present—own GL for district, reconcile multiple bank accounts, project cash flows, manage AP/AR, simplify governmental reporting, analyze and amend budgets, assist auditors on financials, provide board financial data, create POs, reconcile student lunch accounts, prepare year-end tax documents, train staff on accounting software. Staff Accountant, Nov 2010–Jul 2014—AP for three districts, process POs and 1099s, produce weekly reports, streamline document attachment workflow. Package Handler, Aug 2007–Sep 2010—multiple Employee of the Month awards.",Senior-level,R047,Q047,How do you react to sudden changes in priorities?,Adaptability,Accountant,Data Scientist,Hard,1 year,Behavioral,A047,"I'm always eager to learn and embrace change as a way to improve. For example, I once had to switch to a new tech stack and picked it up quickly. How do you react to sudden changes in priorities?",Ankshi ideal_answer,['adjust' 'change'],True,Synthetic association: CareerCorpus candidate profile linked to a semantically compatible Ankshi interview question.
C012,30361788,ACCOUNTANT,"BBA in Accountancy, Western Michigan University, Haworth College of Business (2010).",Accounting,"School fund accounting; general ledger, bank recs, AP/AR; cash-flow forecasting; budget analysis/forecasting; governmental reporting; school bond experience; advanced computer skills and process improvement; CFO certification, Michigan School Business Officials.","Accountant, Jul 2014–Present—own GL for district, reconcile multiple bank accounts, project cash flows, manage AP/AR, simplify governmental reporting, analyze and amend budgets, assist auditors on financials, provide board financial data, create POs, reconcile student lunch accounts, prepare year-end tax documents, train staff on accounting software. Staff Accountant, Nov 2010–Jul 2014—AP for three districts, process POs and 1099s, produce weekly reports, streamline document attachment workflow. Package Handler, Aug 2007–Sep 2010—multiple Employee of the Month awards.",Senior-level,R048,Q048,Tell me about a time you mentored someone.,Leadership,Accountant,Software Engineer,Medium,7+ years,STAR-Based,A048,"I lead by example and encourage open communication and accountability. One time, I led a team through X and we achieved Y. Tell me about a time you mentored someone.",Ankshi ideal_answer,['manage' 'mentor'],True,Synthetic association: CareerCorpus candidate profile linked to a semantically compatible Ankshi interview question.
C013,21031285,ACCOUNTANT,"M.S. Accounting (2011), BBA Accounting (2009), Prairie View A&M;","Sql, Excel, Research, Budgeting","grants/restricted funds, budgeting/forecasting, GAAP/SOX, effort reporting (EPAF/JDUF), AP/AR, bank/GL recs, variance analysis, PO lifecycle, process improvement; Tools: Excel (macros/VLOOKUP), Access/SmartView, SAP, PeopleSoft/Resource One, Business Objects, SQL, iLabs; Achievements: macro recon template (+20% efficiency), trained 240+ on P-card, Research Ops Curriculum (2015), CPA candidate;",Accountant 2014–present (research finance); Staff Accountant 2012–2014 (Sysco); Accountant/Auditor 2010–2012;,Senior-level,R049,Q049,Describe a time you failed and what you learned from it.,Adaptability,Accountant,QA Analyst,Medium,intern,Situational,A049,"I'm always eager to learn and embrace change as a way to improve. For example, I once had to switch to a new tech stack and picked it up quickly. Describe a time you failed and what you learned from it.",Ankshi ideal_answer,['change' 'flexible'],True,Synthetic association: CareerCorpus candidate profile linked to a semantically compatible Ankshi interview question.
C013,21031285,ACCOUNTANT,"M.S. Accounting (2011), BBA Accounting (2009), Prairie View A&M;","Sql, Excel, Research, Budgeting","grants/restricted funds, budgeting/forecasting, GAAP/SOX, effort reporting (EPAF/JDUF), AP/AR, bank/GL recs, variance analysis, PO lifecycle, process improvement; Tools: Excel (macros/VLOOKUP), Access/SmartView, SAP, PeopleSoft/Resource One, Business Objects, SQL, iLabs; Achievements: macro recon template (+20% efficiency), trained 240+ on P-card, Research Ops Curriculum (2015), CPA candidate;",Accountant 2014–present (research finance); Staff Accountant 2012–2014 (Sysco); Accountant/Auditor 2010–2012;,Senior-level,R050,Q050,How do you stay updated with industry trends?,Adaptability,Accountant,QA Analyst,Easy,6 years,Open-Ended,A050,"I'm always eager to learn and embrace change as a way to improve. For example, I once had to switch to a new tech stack and picked it up quickly. How do you stay updated with industry trends?",Ankshi ideal_answer,['learn' 'adjust'],True,Synthetic association: CareerCorpus candidate profile linked to a semantically compatible Ankshi interview question.
C013,21031285,ACCOUNTANT,"M.S. Accounting (2011), BBA Accounting (2009), Prairie View A&M;","Sql, Excel, Research, Budgeting","grants/restricted funds, budgeting/forecasting, GAAP/SOX, effort reporting (EPAF/JDUF), AP/AR, bank/GL recs, variance analysis, PO lifecycle, process improvement; Tools: Excel (macros/VLOOKUP), Access/SmartView, SAP, PeopleSoft/Resource One, Business Objects, SQL, iLabs; Achievements: macro recon template (+20% efficiency), trained 240+ on P-card, Research Ops Curriculum (2015), CPA candidate;",Accountant 2014–present (research finance); Staff Accountant 2012–2014 (Sysco); Accountant/Auditor 2010–2012;,Senior-level,R051,Q051,Tell me about a time you had to learn something completely new quickly.,Adaptability,Accountant,DevOps Engineer,Easy,fresher,Open-Ended,A051,"I'm always eager to learn and embrace change as a way to improve. For example, I once had to switch to a new tech stack and picked it up quickly. Tell me about a time you had to learn something completely new quickly.",Ankshi ideal_answer,['flexible' 'change'],True,Synthetic association: CareerCorpus candidate profile linked to a semantically compatible Ankshi interview question.
C013,21031285,ACCOUNTANT,"M.S. Accounting (2011), BBA Accounting (2009), Prairie View A&M;","Sql, Excel, Research, Budgeting","grants/restricted funds, budgeting/forecasting, GAAP/SOX, effort reporting (EPAF/JDUF), AP/AR, bank/GL recs, variance analysis, PO lifecycle, process improvement; Tools: Excel (macros/VLOOKUP), Access/SmartView, SAP, PeopleSoft/Resource One, Business Objects, SQL, iLabs; Achievements: macro recon template (+20% efficiency), trained 240+ on P-card, Research Ops Curriculum (2015), CPA candidate;",Accountant 2014–present (research finance); Staff Accountant 2012–2014 (Sysco); Accountant/Auditor 2010–2012;,Senior-level,R052,Q052,What's the most significant change you've had to adapt to at work?,Adaptability,Accountant,DevOps Engineer,Medium,intern,STAR-Based,A052,"I'm always eager to learn and embrace change as a way to improve. For example, I once had to switch to a new tech stack and picked it up quickly. What's the most significant change you've had to adapt to at work?",Ankshi ideal_answer,['learn' 'adjust'],True,Synthetic association: CareerCorpus candidate profile linked to a semantically compatible Ankshi interview question.
C014,25749150,ACCOUNTANT,"B.A. Accounting, Central Connecticut (2010); Accounting studies, Univ. of Hartford (2016, GPA 3.8);",Domain-specific professional skills,"ICD-10/ICD-9, CPT/HCPCS, EMR, HIPAA, claim entry/payment posting, insurance verification & authorizations, AR/AP, billing, registration, GL/bank recs, variance resolution;","Accountant (2012–2014), Medicare Compliance Coder (2010–2012), Hospital Access Rep (2010–2012), Patient Financial Rep (2006–2016);",Mid-level,R053,Q053,How do you motivate others in a leadership role?,Leadership,Accountant,Marketing Associate,Hard,6 years,Situational,A053,"I lead by example and encourage open communication and accountability. One time, I led a team through X and we achieved Y. How do you motivate others in a leadership role?",Ankshi ideal_answer,['guide' 'mentor'],True,Synthetic association: CareerCorpus candidate profile linked to a semantically compatible Ankshi interview question.
C014,25749150,ACCOUNTANT,"B.A. Accounting, Central Connecticut (2010); Accounting studies, Univ. of Hartford (2016, GPA 3.8);",Domain-specific professional skills,"ICD-10/ICD-9, CPT/HCPCS, EMR, HIPAA, claim entry/payment posting, insurance verification & authorizations, AR/AP, billing, registration, GL/bank recs, variance resolution;","Accountant (2012–2014), Medicare Compliance Coder (2010–2012), Hospital Access Rep (2010–2012), Patient Financial Rep (2006–2016);",Mid-level,R054,Q054,Describe a time you led a project or team.,Leadership,Accountant,UX Designer,Hard,2 years,Behavioral,A054,"I lead by example and encourage open communication and accountability. One time, I led a team through X and we achieved Y. Describe a time you led a project or team.",Ankshi ideal_answer,['mentor' 'manage'],True,Synthetic association: CareerCorpus candidate profile linked to a semantically compatible Ankshi interview question.
C014,25749150,ACCOUNTANT,"B.A. Accounting, Central Connecticut (2010); Accounting studies, Univ. of Hartford (2016, GPA 3.8);",Domain-specific professional skills,"ICD-10/ICD-9, CPT/HCPCS, EMR, HIPAA, claim entry/payment posting, insurance verification & authorizations, AR/AP, billing, registration, GL/bank recs, variance resolution;","Accountant (2012–2014), Medicare Compliance Coder (2010–2012), Hospital Access Rep (2010–2012), Patient Financial Rep (2006–2016);",Mid-level,R055,Q055,How do you delegate tasks effectively?,Leadership,Accountant,HR Specialist,Hard,6 years,Behavioral,A055,"I lead by example and encourage open communication and accountability. One time, I led a team through X and we achieved Y. How do you delegate tasks effectively?",Ankshi ideal_answer,['supervise' 'manage'],True,Synthetic association: CareerCorpus candidate profile linked to a semantically compatible Ankshi interview question.
C014,25749150,ACCOUNTANT,"B.A. Accounting, Central Connecticut (2010); Accounting studies, Univ. of Hartford (2016, GPA 3.8);",Domain-specific professional skills,"ICD-10/ICD-9, CPT/HCPCS, EMR, HIPAA, claim entry/payment posting, insurance verification & authorizations, AR/AP, billing, registration, GL/bank recs, variance resolution;","Accountant (2012–2014), Medicare Compliance Coder (2010–2012), Hospital Access Rep (2010–2012), Patient Financial Rep (2006–2016);",Mid-level,R056,Q056,What makes a good leader in your opinion?,Leadership,Accountant,Software Engineer,Hard,3 years,Open-Ended,A056,"I lead by example and encourage open communication and accountability. One time, I led a team through X and we achieved Y. What makes a good leader in your opinion?",Ankshi ideal_answer,['mentor' 'guide'],True,Synthetic association: CareerCorpus candidate profile linked to a semantically compatible Ankshi interview question.
C015,12338274,ACCOUNTANT,"MBA in Finance, Vidyasagar University, India (2006); earlier bachelor-level studies, Mohan Lal Sukhadia University, India (2000).","Excel, Tax, Budgeting, Compliance, Ms Office","Account reconciliations; AP/AR; budgeting and cost/variance analysis; taxation and compliance; inventory and stock control; payroll; MIS reporting for senior management; GL and bank reconciliations; financial statement preparation; strong Excel (macros, VLOOKUP), Oracle 8i/Developer 2000, Tally, and MS Office proficiency.","Accountant (Oct 2011–Aug 2015) preparing forecasts, managing receivables/payables, inventory reporting, tax reviews, budgeting, and bank/staff/vendor reconciliations; Accountant (Jan 2009–Sep 2011) reviewing GL, payroll, taxes, MIS reporting, and inventory/warehouse coordination; Accountant (Apr 2006–May 2007) cash handling, payroll, and financial statements; Account Assistant (Oct 2001–Mar 2006) daily accounts to finalization, invoicing, cashbook/journal and bank recs.",Senior-level,R057,Q057,How do you react to sudden changes in priorities?,Adaptability,Accountant,Data Scientist,Hard,1 year,Behavioral,A057,"I'm always eager to learn and embrace change as a way to improve. For example, I once had to switch to a new tech stack and picked it up quickly. How do you react to sudden changes in priorities?",Ankshi ideal_answer,['adjust' 'change'],True,Synthetic association: CareerCorpus candidate profile linked to a semantically compatible Ankshi interview question.
C015,12338274,ACCOUNTANT,"MBA in Finance, Vidyasagar University, India (2006); earlier bachelor-level studies, Mohan Lal Sukhadia University, India (2000).","Excel, Tax, Budgeting, Compliance, Ms Office","Account reconciliations; AP/AR; budgeting and cost/variance analysis; taxation and compliance; inventory and stock control; payroll; MIS reporting for senior management; GL and bank reconciliations; financial statement preparation; strong Excel (macros, VLOOKUP), Oracle 8i/Developer 2000, Tally, and MS Office proficiency.","Accountant (Oct 2011–Aug 2015) preparing forecasts, managing receivables/payables, inventory reporting, tax reviews, budgeting, and bank/staff/vendor reconciliations; Accountant (Jan 2009–Sep 2011) reviewing GL, payroll, taxes, MIS reporting, and inventory/warehouse coordination; Accountant (Apr 2006–May 2007) cash handling, payroll, and financial statements; Account Assistant (Oct 2001–Mar 2006) daily accounts to finalization, invoicing, cashbook/journal and bank recs.",Senior-level,R058,Q058,Tell me about a time you mentored someone.,Leadership,Accountant,Software Engineer,Medium,7+ years,STAR-Based,A058,"I lead by example and encourage open communication and accountability. One time, I led a team through X and we achieved Y. Tell me about a time you mentored someone.",Ankshi ideal_answer,['manage' 'mentor'],True,Synthetic association: CareerCorpus candidate profile linked to a semantically compatible Ankshi interview question.
C015,12338274,ACCOUNTANT,"MBA in Finance, Vidyasagar University, India (2006); earlier bachelor-level studies, Mohan Lal Sukhadia University, India (2000).","Excel, Tax, Budgeting, Compliance, Ms Office","Account reconciliations; AP/AR; budgeting and cost/variance analysis; taxation and compliance; inventory and stock control; payroll; MIS reporting for senior management; GL and bank reconciliations; financial statement preparation; strong Excel (macros, VLOOKUP), Oracle 8i/Developer 2000, Tally, and MS Office proficiency.","Accountant (Oct 2011–Aug 2015) preparing forecasts, managing receivables/payables, inventory reporting, tax reviews, budgeting, and bank/staff/vendor reconciliations; Accountant (Jan 2009–Sep 2011) reviewing GL, payroll, taxes, MIS reporting, and inventory/warehouse coordination; Accountant (Apr 2006–May 2007) cash handling, payroll, and financial statements; Account Assistant (Oct 2001–Mar 2006) daily accounts to finalization, invoicing, cashbook/journal and bank recs.",Senior-level,R059,Q059,Describe a time you failed and what you learned from it.,Adaptability,Accountant,QA Analyst,Medium,intern,Situational,A059,"I'm always eager to learn and embrace change as a way to improve. For example, I once had to switch to a new tech stack and picked it up quickly. Describe a time you failed and what you learned from it.",Ankshi ideal_answer,['change' 'flexible'],True,Synthetic association: CareerCorpus candidate profile linked to a semantically compatible Ankshi interview question.
C015,12338274,ACCOUNTANT,"MBA in Finance, Vidyasagar University, India (2006); earlier bachelor-level studies, Mohan Lal Sukhadia University, India (2000).","Excel, Tax, Budgeting, Compliance, Ms Office","Account reconciliations; AP/AR; budgeting and cost/variance analysis; taxation and compliance; inventory and stock control; payroll; MIS reporting for senior management; GL and bank reconciliations; financial statement preparation; strong Excel (macros, VLOOKUP), Oracle 8i/Developer 2000, Tally, and MS Office proficiency.","Accountant (Oct 2011–Aug 2015) preparing forecasts, managing receivables/payables, inventory reporting, tax reviews, budgeting, and bank/staff/vendor reconciliations; Accountant (Jan 2009–Sep 2011) reviewing GL, payroll, taxes, MIS reporting, and inventory/warehouse coordination; Accountant (Apr 2006–May 2007) cash handling, payroll, and financial statements; Account Assistant (Oct 2001–Mar 2006) daily accounts to finalization, invoicing, cashbook/journal and bank recs.",Senior-level,R060,Q060,How do you stay updated with industry trends?,Adaptability,Accountant,QA Analyst,Easy,6 years,Open-Ended,A060,"I'm always eager to learn and embrace change as a way to improve. For example, I once had to switch to a new tech stack and picked it up quickly. How do you stay updated with industry trends?",Ankshi ideal_answer,['learn' 'adjust'],True,Synthetic association: CareerCorpus candidate profile linked to a semantically compatible Ankshi interview question.
C016,12467531,TEACHER,"M.Ed., Elementary Education & Teaching—UCLA (2016); B.A., Psychology—University of New Mexico (2003); additional study in Studio Arts—Santa Monica College.","Excel, Photoshop, Communication, Leadership, Research","Instructional design, standards-aligned planning, course development, progress monitoring, IEP leadership, behavior supports, safe classroom culture, family communication, staff evaluation, project/daily scheduling, process improvement, event planning; tools: Excel, Outlook, Adobe Photoshop, Slack, Evernote; robotics/programming instruction; research, analysis, planning.","Teacher (08/2014–Present)—designs rigorous lessons, tracks learning, provides timely feedback, leads IEPs, ensures compliance/reporting, partners with families, facilitates group projects, evaluates personnel. Robotics & Design Instructor (08/2012–09/2014)—lectures on kits/programming, leads workshops, adapts curriculum. Executive Advisor (08/2015–Present)—portfolio mgmt (20–25%/yr over 5 yrs), analytics, relocation, asset restructuring, contingency planning, events (+15% revenue), office automation, contracts.",Senior-level,R061,Q061,Tell me about a time you had to learn something completely new quickly.,Adaptability,Teacher / Trainer,DevOps Engineer,Easy,fresher,Open-Ended,A061,"I'm always eager to learn and embrace change as a way to improve. For example, I once had to switch to a new tech stack and picked it up quickly. Tell me about a time you had to learn something completely new quickly.",Ankshi ideal_answer,['flexible' 'change'],True,Synthetic association: CareerCorpus candidate profile linked to a semantically compatible Ankshi interview question.
C016,12467531,TEACHER,"M.Ed., Elementary Education & Teaching—UCLA (2016); B.A., Psychology—University of New Mexico (2003); additional study in Studio Arts—Santa Monica College.","Excel, Photoshop, Communication, Leadership, Research","Instructional design, standards-aligned planning, course development, progress monitoring, IEP leadership, behavior supports, safe classroom culture, family communication, staff evaluation, project/daily scheduling, process improvement, event planning; tools: Excel, Outlook, Adobe Photoshop, Slack, Evernote; robotics/programming instruction; research, analysis, planning.","Teacher (08/2014–Present)—designs rigorous lessons, tracks learning, provides timely feedback, leads IEPs, ensures compliance/reporting, partners with families, facilitates group projects, evaluates personnel. Robotics & Design Instructor (08/2012–09/2014)—lectures on kits/programming, leads workshops, adapts curriculum. Executive Advisor (08/2015–Present)—portfolio mgmt (20–25%/yr over 5 yrs), analytics, relocation, asset restructuring, contingency planning, events (+15% revenue), office automation, contracts.",Senior-level,R062,Q062,What's the most significant change you've had to adapt to at work?,Adaptability,Teacher / Trainer,DevOps Engineer,Medium,intern,STAR-Based,A062,"I'm always eager to learn and embrace change as a way to improve. For example, I once had to switch to a new tech stack and picked it up quickly. What's the most significant change you've had to adapt to at work?",Ankshi ideal_answer,['learn' 'adjust'],True,Synthetic association: CareerCorpus candidate profile linked to a semantically compatible Ankshi interview question.
C016,12467531,TEACHER,"M.Ed., Elementary Education & Teaching—UCLA (2016); B.A., Psychology—University of New Mexico (2003); additional study in Studio Arts—Santa Monica College.","Excel, Photoshop, Communication, Leadership, Research","Instructional design, standards-aligned planning, course development, progress monitoring, IEP leadership, behavior supports, safe classroom culture, family communication, staff evaluation, project/daily scheduling, process improvement, event planning; tools: Excel, Outlook, Adobe Photoshop, Slack, Evernote; robotics/programming instruction; research, analysis, planning.","Teacher (08/2014–Present)—designs rigorous lessons, tracks learning, provides timely feedback, leads IEPs, ensures compliance/reporting, partners with families, facilitates group projects, evaluates personnel. Robotics & Design Instructor (08/2012–09/2014)—lectures on kits/programming, leads workshops, adapts curriculum. Executive Advisor (08/2015–Present)—portfolio mgmt (20–25%/yr over 5 yrs), analytics, relocation, asset restructuring, contingency planning, events (+15% revenue), office automation, contracts.",Senior-level,R063,Q063,How do you motivate others in a leadership role?,Leadership,Teacher / Trainer,Marketing Associate,Hard,6 years,Situational,A063,"I lead by example and encourage open communication and accountability. One time, I led a team through X and we achieved Y. How do you motivate others in a leadership role?",Ankshi ideal_answer,['guide' 'mentor'],True,Synthetic association: CareerCorpus candidate profile linked to a semantically compatible Ankshi interview question.
C016,12467531,TEACHER,"M.Ed., Elementary Education & Teaching—UCLA (2016); B.A., Psychology—University of New Mexico (2003); additional study in Studio Arts—Santa Monica College.","Excel, Photoshop, Communication, Leadership, Research","Instructional design, standards-aligned planning, course development, progress monitoring, IEP leadership, behavior supports, safe classroom culture, family communication, staff evaluation, project/daily scheduling, process improvement, event planning; tools: Excel, Outlook, Adobe Photoshop, Slack, Evernote; robotics/programming instruction; research, analysis, planning.","Teacher (08/2014–Present)—designs rigorous lessons, tracks learning, provides timely feedback, leads IEPs, ensures compliance/reporting, partners with families, facilitates group projects, evaluates personnel. Robotics & Design Instructor (08/2012–09/2014)—lectures on kits/programming, leads workshops, adapts curriculum. Executive Advisor (08/2015–Present)—portfolio mgmt (20–25%/yr over 5 yrs), analytics, relocation, asset restructuring, contingency planning, events (+15% revenue), office automation, contracts.",Senior-level,R064,Q064,Describe a time you led a project or team.,Leadership,Teacher / Trainer,UX Designer,Hard,2 years,Behavioral,A064,"I lead by example and encourage open communication and accountability. One time, I led a team through X and we achieved Y. Describe a time you led a project or team.",Ankshi ideal_answer,['mentor' 'manage'],True,Synthetic association: CareerCorpus candidate profile linked to a semantically compatible Ankshi interview question.
C017,19918523,TEACHER,"M.Ed., Teaching—Virginia Commonwealth University (2002); B.S., Psychology—Virginia Commonwealth University (2002, Cum Laude); A.A., Child Development—De Anza College (1998, Cum Laude).","Communication, Leadership","Virginia postgraduate professional license, curriculum development, long-term planning, critical thinking, mediation, organization, leadership, communication, adaptability, computer literacy, Promethean Board proficiency. Teacher of the Year (2015–2016), Second Grade Team Leader (5 years).","Teacher (08/2002–Present)—taught 2nd–5th grade; general and special education collaboration; created standards-based lesson plans; built strong parent, staff, and student relationships; led parent conferences; recognized as Teacher of the Year (2015). Assistant Teacher (02/2001–02/2002)—supervised students aged 5–11, led childcare and camp programs, ensured safety and engagement. Senior Support Rep (02/1998–02/2001)—mentored online tech support staff. Customer Service/Admin (02/1996–02/1998)—developed training manuals, managed client communication.",Senior-level,R065,Q065,How do you delegate tasks effectively?,Leadership,Teacher / Trainer,HR Specialist,Hard,6 years,Behavioral,A065,"I lead by example and encourage open communication and accountability. One time, I led a team through X and we achieved Y. How do you delegate tasks effectively?",Ankshi ideal_answer,['supervise' 'manage'],True,Synthetic association: CareerCorpus candidate profile linked to a semantically compatible Ankshi interview question.
C017,19918523,TEACHER,"M.Ed., Teaching—Virginia Commonwealth University (2002); B.S., Psychology—Virginia Commonwealth University (2002, Cum Laude); A.A., Child Development—De Anza College (1998, Cum Laude).","Communication, Leadership","Virginia postgraduate professional license, curriculum development, long-term planning, critical thinking, mediation, organization, leadership, communication, adaptability, computer literacy, Promethean Board proficiency. Teacher of the Year (2015–2016), Second Grade Team Leader (5 years).","Teacher (08/2002–Present)—taught 2nd–5th grade; general and special education collaboration; created standards-based lesson plans; built strong parent, staff, and student relationships; led parent conferences; recognized as Teacher of the Year (2015). Assistant Teacher (02/2001–02/2002)—supervised students aged 5–11, led childcare and camp programs, ensured safety and engagement. Senior Support Rep (02/1998–02/2001)—mentored online tech support staff. Customer Service/Admin (02/1996–02/1998)—developed training manuals, managed client communication.",Senior-level,R066,Q066,What makes a good leader in your opinion?,Leadership,Teacher / Trainer,Software Engineer,Hard,3 years,Open-Ended,A066,"I lead by example and encourage open communication and accountability. One time, I led a team through X and we achieved Y. What makes a good leader in your opinion?",Ankshi ideal_answer,['mentor' 'guide'],True,Synthetic association: CareerCorpus candidate profile linked to a semantically compatible Ankshi interview question.
C017,19918523,TEACHER,"M.Ed., Teaching—Virginia Commonwealth University (2002); B.S., Psychology—Virginia Commonwealth University (2002, Cum Laude); A.A., Child Development—De Anza College (1998, Cum Laude).","Communication, Leadership","Virginia postgraduate professional license, curriculum development, long-term planning, critical thinking, mediation, organization, leadership, communication, adaptability, computer literacy, Promethean Board proficiency. Teacher of the Year (2015–2016), Second Grade Team Leader (5 years).","Teacher (08/2002–Present)—taught 2nd–5th grade; general and special education collaboration; created standards-based lesson plans; built strong parent, staff, and student relationships; led parent conferences; recognized as Teacher of the Year (2015). Assistant Teacher (02/2001–02/2002)—supervised students aged 5–11, led childcare and camp programs, ensured safety and engagement. Senior Support Rep (02/1998–02/2001)—mentored online tech support staff. Customer Service/Admin (02/1996–02/1998)—developed training manuals, managed client communication.",Senior-level,R067,Q067,How do you react to sudden changes in priorities?,Adaptability,Teacher / Trainer,Data Scientist,Hard,1 year,Behavioral,A067,"I'm always eager to learn and embrace change as a way to improve. For example, I once had to switch to a new tech stack and picked it up quickly. How do you react to sudden changes in priorities?",Ankshi ideal_answer,['adjust' 'change'],True,Synthetic association: CareerCorpus candidate profile linked to a semantically compatible Ankshi interview question.
C017,19918523,TEACHER,"M.Ed., Teaching—Virginia Commonwealth University (2002); B.S., Psychology—Virginia Commonwealth University (2002, Cum Laude); A.A., Child Development—De Anza College (1998, Cum Laude).","Communication, Leadership","Virginia postgraduate professional license, curriculum development, long-term planning, critical thinking, mediation, organization, leadership, communication, adaptability, computer literacy, Promethean Board proficiency. Teacher of the Year (2015–2016), Second Grade Team Leader (5 years).","Teacher (08/2002–Present)—taught 2nd–5th grade; general and special education collaboration; created standards-based lesson plans; built strong parent, staff, and student relationships; led parent conferences; recognized as Teacher of the Year (2015). Assistant Teacher (02/2001–02/2002)—supervised students aged 5–11, led childcare and camp programs, ensured safety and engagement. Senior Support Rep (02/1998–02/2001)—mentored online tech support staff. Customer Service/Admin (02/1996–02/1998)—developed training manuals, managed client communication.",Senior-level,R068,Q068,Tell me about a time you mentored someone.,Leadership,Teacher / Trainer,Software Engineer,Medium,7+ years,STAR-Based,A068,"I lead by example and encourage open communication and accountability. One time, I led a team through X and we achieved Y. Tell me about a time you mentored someone.",Ankshi ideal_answer,['manage' 'mentor'],True,Synthetic association: CareerCorpus candidate profile linked to a semantically compatible Ankshi interview question.
C018,62184086,TEACHER,"M.S., Instructional Leadership—Early Childhood Education, Tennessee Technological University (2008); B.S., Early Childhood Education, Georgia Southwestern University (1996); additional study at Valdosta State University.",Communication,"Instructional design, early childhood pedagogy, lesson planning, classroom management, progress monitoring, conflict resolution, critical thinking, time management, communication (written/verbal), conferences & meetings, problem solving, process improvement, Promethean Board, charts/data use.","Teacher—Aug 2004–Mar 2014: child-centered curricula; supported healthy maturation. Teacher—Aug 2002–Jun 2004: led conferences, paperwork/compliance, creative standards-aligned lessons, student observation/evaluation. Teacher—Aug 1997–Jun 2002: routines, one-on-one support, identified developmental needs, tracked progress, family communication. Teacher—Aug 1996–Jun 1997: inquiry games, assessments, parent groups, model classroom.",Senior-level,R069,Q069,Describe a time you failed and what you learned from it.,Adaptability,Teacher / Trainer,QA Analyst,Medium,intern,Situational,A069,"I'm always eager to learn and embrace change as a way to improve. For example, I once had to switch to a new tech stack and picked it up quickly. Describe a time you failed and what you learned from it.",Ankshi ideal_answer,['change' 'flexible'],True,Synthetic association: CareerCorpus candidate profile linked to a semantically compatible Ankshi interview question.
C018,62184086,TEACHER,"M.S., Instructional Leadership—Early Childhood Education, Tennessee Technological University (2008); B.S., Early Childhood Education, Georgia Southwestern University (1996); additional study at Valdosta State University.",Communication,"Instructional design, early childhood pedagogy, lesson planning, classroom management, progress monitoring, conflict resolution, critical thinking, time management, communication (written/verbal), conferences & meetings, problem solving, process improvement, Promethean Board, charts/data use.","Teacher—Aug 2004–Mar 2014: child-centered curricula; supported healthy maturation. Teacher—Aug 2002–Jun 2004: led conferences, paperwork/compliance, creative standards-aligned lessons, student observation/evaluation. Teacher—Aug 1997–Jun 2002: routines, one-on-one support, identified developmental needs, tracked progress, family communication. Teacher—Aug 1996–Jun 1997: inquiry games, assessments, parent groups, model classroom.",Senior-level,R070,Q070,How do you stay updated with industry trends?,Adaptability,Teacher / Trainer,QA Analyst,Easy,6 years,Open-Ended,A070,"I'm always eager to learn and embrace change as a way to improve. For example, I once had to switch to a new tech stack and picked it up quickly. How do you stay updated with industry trends?",Ankshi ideal_answer,['learn' 'adjust'],True,Synthetic association: CareerCorpus candidate profile linked to a semantically compatible Ankshi interview question.
C018,62184086,TEACHER,"M.S., Instructional Leadership—Early Childhood Education, Tennessee Technological University (2008); B.S., Early Childhood Education, Georgia Southwestern University (1996); additional study at Valdosta State University.",Communication,"Instructional design, early childhood pedagogy, lesson planning, classroom management, progress monitoring, conflict resolution, critical thinking, time management, communication (written/verbal), conferences & meetings, problem solving, process improvement, Promethean Board, charts/data use.","Teacher—Aug 2004–Mar 2014: child-centered curricula; supported healthy maturation. Teacher—Aug 2002–Jun 2004: led conferences, paperwork/compliance, creative standards-aligned lessons, student observation/evaluation. Teacher—Aug 1997–Jun 2002: routines, one-on-one support, identified developmental needs, tracked progress, family communication. Teacher—Aug 1996–Jun 1997: inquiry games, assessments, parent groups, model classroom.",Senior-level,R071,Q071,Tell me about a time you had to learn something completely new quickly.,Adaptability,Teacher / Trainer,DevOps Engineer,Easy,fresher,Open-Ended,A071,"I'm always eager to learn and embrace change as a way to improve. For example, I once had to switch to a new tech stack and picked it up quickly. Tell me about a time you had to learn something completely new quickly.",Ankshi ideal_answer,['flexible' 'change'],True,Synthetic association: CareerCorpus candidate profile linked to a semantically compatible Ankshi interview question.
C018,62184086,TEACHER,"M.S., Instructional Leadership—Early Childhood Education, Tennessee Technological University (2008); B.S., Early Childhood Education, Georgia Southwestern University (1996); additional study at Valdosta State University.",Communication,"Instructional design, early childhood pedagogy, lesson planning, classroom management, progress monitoring, conflict resolution, critical thinking, time management, communication (written/verbal), conferences & meetings, problem solving, process improvement, Promethean Board, charts/data use.","Teacher—Aug 2004–Mar 2014: child-centered curricula; supported healthy maturation. Teacher—Aug 2002–Jun 2004: led conferences, paperwork/compliance, creative standards-aligned lessons, student observation/evaluation. Teacher—Aug 1997–Jun 2002: routines, one-on-one support, identified developmental needs, tracked progress, family communication. Teacher—Aug 1996–Jun 1997: inquiry games, assessments, parent groups, model classroom.",Senior-level,R072,Q072,What's the most significant change you've had to adapt to at work?,Adaptability,Teacher / Trainer,DevOps Engineer,Medium,intern,STAR-Based,A072,"I'm always eager to learn and embrace change as a way to improve. For example, I once had to switch to a new tech stack and picked it up quickly. What's the most significant change you've had to adapt to at work?",Ankshi ideal_answer,['learn' 'adjust'],True,Synthetic association: CareerCorpus candidate profile linked to a semantically compatible Ankshi interview question.
C019,28063132,TEACHER,"B.A., African American Studies—The Ohio State University (2017). Relevant coursework: child development, nutritional needs, language acquisition, movement/motor skills, cultural influences, business, communications.","Salesforce, Photoshop, Communication, Customer Service",Analytical problem-solving; issue resolution; attention to detail; strong written/verbal communication (English & Twi); high-volume support; Microsoft Word/PowerPoint; Photoshop; Salesforce; ServiceNow; phone etiquette. Top rep with >80% CSAT; customer service/teamwork award.,"Teacher (Jan–Mar 2016)—classroom instruction, child care, healthy learning environment. Nursing Aide (Aug 2015–Jan 2016)—basic patient care, transport, safe living conditions. Front Desk Receptionist (Jun–Sep 2015)—phones, scheduling, billing/account support, escalations. Cook (Apr 2013–Aug 2014)—trained staff, orders, food prep, stocking, cleanliness.",Entry-level,R073,Q073,How do you motivate others in a leadership role?,Leadership,Teacher / Trainer,Marketing Associate,Hard,6 years,Situational,A073,"I lead by example and encourage open communication and accountability. One time, I led a team through X and we achieved Y. How do you motivate others in a leadership role?",Ankshi ideal_answer,['guide' 'mentor'],True,Synthetic association: CareerCorpus candidate profile linked to a semantically compatible Ankshi interview question.
C019,28063132,TEACHER,"B.A., African American Studies—The Ohio State University (2017). Relevant coursework: child development, nutritional needs, language acquisition, movement/motor skills, cultural influences, business, communications.","Salesforce, Photoshop, Communication, Customer Service",Analytical problem-solving; issue resolution; attention to detail; strong written/verbal communication (English & Twi); high-volume support; Microsoft Word/PowerPoint; Photoshop; Salesforce; ServiceNow; phone etiquette. Top rep with >80% CSAT; customer service/teamwork award.,"Teacher (Jan–Mar 2016)—classroom instruction, child care, healthy learning environment. Nursing Aide (Aug 2015–Jan 2016)—basic patient care, transport, safe living conditions. Front Desk Receptionist (Jun–Sep 2015)—phones, scheduling, billing/account support, escalations. Cook (Apr 2013–Aug 2014)—trained staff, orders, food prep, stocking, cleanliness.",Entry-level,R074,Q074,Describe a time you led a project or team.,Leadership,Teacher / Trainer,UX Designer,Hard,2 years,Behavioral,A074,"I lead by example and encourage open communication and accountability. One time, I led a team through X and we achieved Y. Describe a time you led a project or team.",Ankshi ideal_answer,['mentor' 'manage'],True,Synthetic association: CareerCorpus candidate profile linked to a semantically compatible Ankshi interview question.
C019,28063132,TEACHER,"B.A., African American Studies—The Ohio State University (2017). Relevant coursework: child development, nutritional needs, language acquisition, movement/motor skills, cultural influences, business, communications.","Salesforce, Photoshop, Communication, Customer Service",Analytical problem-solving; issue resolution; attention to detail; strong written/verbal communication (English & Twi); high-volume support; Microsoft Word/PowerPoint; Photoshop; Salesforce; ServiceNow; phone etiquette. Top rep with >80% CSAT; customer service/teamwork award.,"Teacher (Jan–Mar 2016)—classroom instruction, child care, healthy learning environment. Nursing Aide (Aug 2015–Jan 2016)—basic patient care, transport, safe living conditions. Front Desk Receptionist (Jun–Sep 2015)—phones, scheduling, billing/account support, escalations. Cook (Apr 2013–Aug 2014)—trained staff, orders, food prep, stocking, cleanliness.",Entry-level,R075,Q075,How do you delegate tasks effectively?,Leadership,Teacher / Trainer,HR Specialist,Hard,6 years,Behavioral,A075,"I lead by example and encourage open communication and accountability. One time, I led a team through X and we achieved Y. How do you delegate tasks effectively?",Ankshi ideal_answer,['supervise' 'manage'],True,Synthetic association: CareerCorpus candidate profile linked to a semantically compatible Ankshi interview question.
C019,28063132,TEACHER,"B.A., African American Studies—The Ohio State University (2017). Relevant coursework: child development, nutritional needs, language acquisition, movement/motor skills, cultural influences, business, communications.","Salesforce, Photoshop, Communication, Customer Service",Analytical problem-solving; issue resolution; attention to detail; strong written/verbal communication (English & Twi); high-volume support; Microsoft Word/PowerPoint; Photoshop; Salesforce; ServiceNow; phone etiquette. Top rep with >80% CSAT; customer service/teamwork award.,"Teacher (Jan–Mar 2016)—classroom instruction, child care, healthy learning environment. Nursing Aide (Aug 2015–Jan 2016)—basic patient care, transport, safe living conditions. Front Desk Receptionist (Jun–Sep 2015)—phones, scheduling, billing/account support, escalations. Cook (Apr 2013–Aug 2014)—trained staff, orders, food prep, stocking, cleanliness.",Entry-level,R076,Q076,What makes a good leader in your opinion?,Leadership,Teacher / Trainer,Software Engineer,Hard,3 years,Open-Ended,A076,"I lead by example and encourage open communication and accountability. One time, I led a team through X and we achieved Y. What makes a good leader in your opinion?",Ankshi ideal_answer,['mentor' 'guide'],True,Synthetic association: CareerCorpus candidate profile linked to a semantically compatible Ankshi interview question.
C020,29797594,TEACHER,"Elementary Teaching Credential, University of Redlands (2008); B.A., Liberal Arts, California Baptist University (2006).",Domain-specific professional skills,"Student-centered instruction, differentiated small-group learning (System 44), positive behavior reinforcement, strong classroom management, technology integration (iPads), organization, collaboration with families/staff, trainer-of-trainees (WRITE Institute & Common Core), RCD math unit writer, grade-level lead (3 yrs).","Long-term 5th-grade substitute; 2nd-grade teacher (2+ yrs); tenured 5th-grade teacher (1 yr); 4th-grade (2 yrs) then looped to 5th; led GATE after-school program to produce the “Jr Journal” (4 published issues); tutored before/after school; organized field trips; created daily/weekly lesson plans; frequent parent communication; STAR Reading/Math assessments; led ELD, close reading, critical thinking.",Senior-level,R077,Q077,How do you react to sudden changes in priorities?,Adaptability,Teacher / Trainer,Data Scientist,Hard,1 year,Behavioral,A077,"I'm always eager to learn and embrace change as a way to improve. For example, I once had to switch to a new tech stack and picked it up quickly. How do you react to sudden changes in priorities?",Ankshi ideal_answer,['adjust' 'change'],True,Synthetic association: CareerCorpus candidate profile linked to a semantically compatible Ankshi interview question.
C020,29797594,TEACHER,"Elementary Teaching Credential, University of Redlands (2008); B.A., Liberal Arts, California Baptist University (2006).",Domain-specific professional skills,"Student-centered instruction, differentiated small-group learning (System 44), positive behavior reinforcement, strong classroom management, technology integration (iPads), organization, collaboration with families/staff, trainer-of-trainees (WRITE Institute & Common Core), RCD math unit writer, grade-level lead (3 yrs).","Long-term 5th-grade substitute; 2nd-grade teacher (2+ yrs); tenured 5th-grade teacher (1 yr); 4th-grade (2 yrs) then looped to 5th; led GATE after-school program to produce the “Jr Journal” (4 published issues); tutored before/after school; organized field trips; created daily/weekly lesson plans; frequent parent communication; STAR Reading/Math assessments; led ELD, close reading, critical thinking.",Senior-level,R078,Q078,Tell me about a time you mentored someone.,Leadership,Teacher / Trainer,Software Engineer,Medium,7+ years,STAR-Based,A078,"I lead by example and encourage open communication and accountability. One time, I led a team through X and we achieved Y. Tell me about a time you mentored someone.",Ankshi ideal_answer,['manage' 'mentor'],True,Synthetic association: CareerCorpus candidate profile linked to a semantically compatible Ankshi interview question.
C020,29797594,TEACHER,"Elementary Teaching Credential, University of Redlands (2008); B.A., Liberal Arts, California Baptist University (2006).",Domain-specific professional skills,"Student-centered instruction, differentiated small-group learning (System 44), positive behavior reinforcement, strong classroom management, technology integration (iPads), organization, collaboration with families/staff, trainer-of-trainees (WRITE Institute & Common Core), RCD math unit writer, grade-level lead (3 yrs).","Long-term 5th-grade substitute; 2nd-grade teacher (2+ yrs); tenured 5th-grade teacher (1 yr); 4th-grade (2 yrs) then looped to 5th; led GATE after-school program to produce the “Jr Journal” (4 published issues); tutored before/after school; organized field trips; created daily/weekly lesson plans; frequent parent communication; STAR Reading/Math assessments; led ELD, close reading, critical thinking.",Senior-level,R079,Q079,Describe a time you failed and what you learned from it.,Adaptability,Teacher / Trainer,QA Analyst,Medium,intern,Situational,A079,"I'm always eager to learn and embrace change as a way to improve. For example, I once had to switch to a new tech stack and picked it up quickly. Describe a time you failed and what you learned from it.",Ankshi ideal_answer,['change' 'flexible'],True,Synthetic association: CareerCorpus candidate profile linked to a semantically compatible Ankshi interview question.
C020,29797594,TEACHER,"Elementary Teaching Credential, University of Redlands (2008); B.A., Liberal Arts, California Baptist University (2006).",Domain-specific professional skills,"Student-centered instruction, differentiated small-group learning (System 44), positive behavior reinforcement, strong classroom management, technology integration (iPads), organization, collaboration with families/staff, trainer-of-trainees (WRITE Institute & Common Core), RCD math unit writer, grade-level lead (3 yrs).","Long-term 5th-grade substitute; 2nd-grade teacher (2+ yrs); tenured 5th-grade teacher (1 yr); 4th-grade (2 yrs) then looped to 5th; led GATE after-school program to produce the “Jr Journal” (4 published issues); tutored before/after school; organized field trips; created daily/weekly lesson plans; frequent parent communication; STAR Reading/Math assessments; led ELD, close reading, critical thinking.",Senior-level,R080,Q080,How do you stay updated with industry trends?,Adaptability,Teacher / Trainer,QA Analyst,Easy,6 years,Open-Ended,A080,"I'm always eager to learn and embrace change as a way to improve. For example, I once had to switch to a new tech stack and picked it up quickly. How do you stay updated with industry trends?",Ankshi ideal_answer,['learn' 'adjust'],True,Synthetic association: CareerCorpus candidate profile linked to a semantically compatible Ankshi interview question.
C021,24533931,Apparel,"Completed Business Administration studies at South Louisiana Community College (2018) and University of Louisiana-Lafayette; graduated Salmen High School, 2014",Communication,"Proficient in sales, cash handling, customer assistance, adaptability, teamwork, communication, and organization; active in 21st Century Summer Camp (2012–2014)","Over 8 years in retail including Apparel Associate, Cashier/Stocker, and Sales Associate; skilled in merchandising, stock management, and customer service at apparel and housewares departments",Entry-level,R081,Q081,Describe a project where teamwork was essential to success.,Team Collaboration,Fashion / Apparel Professional,UX Designer,Easy,3 years,Situational,A081,"I believe communication and mutual respect are key to successful collaboration. In one project, we achieved X because of great teamwork. Describe a project where teamwork was essential to success.",Ankshi ideal_answer,['partner' 'cooperate'],True,Synthetic association: CareerCorpus candidate profile linked to a semantically compatible Ankshi interview question.
C021,24533931,Apparel,"Completed Business Administration studies at South Louisiana Community College (2018) and University of Louisiana-Lafayette; graduated Salmen High School, 2014",Communication,"Proficient in sales, cash handling, customer assistance, adaptability, teamwork, communication, and organization; active in 21st Century Summer Camp (2012–2014)","Over 8 years in retail including Apparel Associate, Cashier/Stocker, and Sales Associate; skilled in merchandising, stock management, and customer service at apparel and housewares departments",Entry-level,R082,Q082,Describe a time you failed and what you learned from it.,Adaptability,Fashion / Apparel Professional,UX Designer,Easy,intern,Situational,A082,"I'm always eager to learn and embrace change as a way to improve. For example, I once had to switch to a new tech stack and picked it up quickly. Describe a time you failed and what you learned from it.",Ankshi ideal_answer,['change' 'flexible'],True,Synthetic association: CareerCorpus candidate profile linked to a semantically compatible Ankshi interview question.
C021,24533931,Apparel,"Completed Business Administration studies at South Louisiana Community College (2018) and University of Louisiana-Lafayette; graduated Salmen High School, 2014",Communication,"Proficient in sales, cash handling, customer assistance, adaptability, teamwork, communication, and organization; active in 21st Century Summer Camp (2012–2014)","Over 8 years in retail including Apparel Associate, Cashier/Stocker, and Sales Associate; skilled in merchandising, stock management, and customer service at apparel and housewares departments",Entry-level,R083,Q083,Describe a time you felt out of place in a workplace culture.,Culture Fit,Fashion / Apparel Professional,UX Designer,Easy,6 years,Situational,A083,"I thrive in collaborative, transparent environments where innovation and respect are valued. Describe a time you felt out of place in a workplace culture.",Ankshi ideal_answer,['belief' 'culture'],True,Synthetic association: CareerCorpus candidate profile linked to a semantically compatible Ankshi interview question.
C021,24533931,Apparel,"Completed Business Administration studies at South Louisiana Community College (2018) and University of Louisiana-Lafayette; graduated Salmen High School, 2014",Communication,"Proficient in sales, cash handling, customer assistance, adaptability, teamwork, communication, and organization; active in 21st Century Summer Camp (2012–2014)","Over 8 years in retail including Apparel Associate, Cashier/Stocker, and Sales Associate; skilled in merchandising, stock management, and customer service at apparel and housewares departments",Entry-level,R084,Q084,Describe a time you handled a difficult situation professionally.,Conflict Resolution,Fashion / Apparel Professional,UX Designer,Easy,1 year,STAR-Based,A084,"When faced with conflict, I approach it calmly and try to understand all perspectives before finding a solution together. Describe a time you handled a difficult situation professionally.",Ankshi ideal_answer,['challenge' 'conflict'],True,Synthetic association: CareerCorpus candidate profile linked to a semantically compatible Ankshi interview question.
C022,21807211,Apparel,"BA in Applied Behavioral Science (Sociology), Ashford University (Clinton Campus); High School Diploma, Fairfield Central High School (2009)",Excel,"Microsoft Excel certified; MS Word, Visio, PowerPoint, Outlook; Adobe X Pro; SmartPlant Materials; MMIS 1&2; Atlas; Phoenix; SAP production; database and spreadsheet management; conference planning; logistics; invoice processing; appointment setting; team building; OSHA standards; exceeded team sales goals by 30%; member of Instructional Design and Psychology clubs.","Apparel Sales Associate/Cashier (10/2017–12/2017): customer service, promos, stocking; Administrative Specialist I (08/2017–Current): Medicaid eligibility, claims, contracts, compliance, recoupments; Field/Admin Assistant (06/2011–07/2017): materials logistics, HR support, calendars, reports, timekeeping; Custodian (08/2011–06/2012): site housekeeping; Warehouse Associate (01/2010–08/2011): shipping, receiving, training.",Mid-level,R085,Q085,Describe a time you led a project or team.,Leadership,Fashion / Apparel Professional,UX Designer,Easy,3 years,Situational,A085,"I lead by example and encourage open communication and accountability. One time, I led a team through X and we achieved Y. Describe a time you led a project or team.",Ankshi ideal_answer,['supervise' 'manage'],True,Synthetic association: CareerCorpus candidate profile linked to a semantically compatible Ankshi interview question.
C022,21807211,Apparel,"BA in Applied Behavioral Science (Sociology), Ashford University (Clinton Campus); High School Diploma, Fairfield Central High School (2009)",Excel,"Microsoft Excel certified; MS Word, Visio, PowerPoint, Outlook; Adobe X Pro; SmartPlant Materials; MMIS 1&2; Atlas; Phoenix; SAP production; database and spreadsheet management; conference planning; logistics; invoice processing; appointment setting; team building; OSHA standards; exceeded team sales goals by 30%; member of Instructional Design and Psychology clubs.","Apparel Sales Associate/Cashier (10/2017–12/2017): customer service, promos, stocking; Administrative Specialist I (08/2017–Current): Medicaid eligibility, claims, contracts, compliance, recoupments; Field/Admin Assistant (06/2011–07/2017): materials logistics, HR support, calendars, reports, timekeeping; Custodian (08/2011–06/2012): site housekeeping; Warehouse Associate (01/2010–08/2011): shipping, receiving, training.",Mid-level,R086,Q086,Describe your ideal workday.,Work Style,Fashion / Apparel Professional,UX Designer,Easy,3 years,Behavioral,A086,I follow a structured workflow and use tools like Jira/Trello/Notion to manage my tasks efficiently. Describe your ideal workday.,Ankshi ideal_answer,['method' 'daily routine'],True,Synthetic association: CareerCorpus candidate profile linked to a semantically compatible Ankshi interview question.
C022,21807211,Apparel,"BA in Applied Behavioral Science (Sociology), Ashford University (Clinton Campus); High School Diploma, Fairfield Central High School (2009)",Excel,"Microsoft Excel certified; MS Word, Visio, PowerPoint, Outlook; Adobe X Pro; SmartPlant Materials; MMIS 1&2; Atlas; Phoenix; SAP production; database and spreadsheet management; conference planning; logistics; invoice processing; appointment setting; team building; OSHA standards; exceeded team sales goals by 30%; member of Instructional Design and Psychology clubs.","Apparel Sales Associate/Cashier (10/2017–12/2017): customer service, promos, stocking; Administrative Specialist I (08/2017–Current): Medicaid eligibility, claims, contracts, compliance, recoupments; Field/Admin Assistant (06/2011–07/2017): materials logistics, HR support, calendars, reports, timekeeping; Custodian (08/2011–06/2012): site housekeeping; Warehouse Associate (01/2010–08/2011): shipping, receiving, training.",Mid-level,R087,Q087,Do you prefer working independently or in teams? Why?,Work Style,Fashion / Apparel Professional,UX Designer,Easy,7+ years,Open-Ended,A087,I follow a structured workflow and use tools like Jira/Trello/Notion to manage my tasks efficiently. Do you prefer working independently or in teams? Why?,Ankshi ideal_answer,['daily routine' 'tool'],True,Synthetic association: CareerCorpus candidate profile linked to a semantically compatible Ankshi interview question.
C022,21807211,Apparel,"BA in Applied Behavioral Science (Sociology), Ashford University (Clinton Campus); High School Diploma, Fairfield Central High School (2009)",Excel,"Microsoft Excel certified; MS Word, Visio, PowerPoint, Outlook; Adobe X Pro; SmartPlant Materials; MMIS 1&2; Atlas; Phoenix; SAP production; database and spreadsheet management; conference planning; logistics; invoice processing; appointment setting; team building; OSHA standards; exceeded team sales goals by 30%; member of Instructional Design and Psychology clubs.","Apparel Sales Associate/Cashier (10/2017–12/2017): customer service, promos, stocking; Administrative Specialist I (08/2017–Current): Medicaid eligibility, claims, contracts, compliance, recoupments; Field/Admin Assistant (06/2011–07/2017): materials logistics, HR support, calendars, reports, timekeeping; Custodian (08/2011–06/2012): site housekeeping; Warehouse Associate (01/2010–08/2011): shipping, receiving, training.",Mid-level,R088,Q088,How do you align with our company values?,Culture Fit,Fashion / Apparel Professional,UX Designer,Easy,4 years,STAR-Based,A088,"I thrive in collaborative, transparent environments where innovation and respect are valued. How do you align with our company values?",Ankshi ideal_answer,['company' 'fit'],True,Synthetic association: CareerCorpus candidate profile linked to a semantically compatible Ankshi interview question.
C023,71767359,Apparel,"BA Sociology, University of Oregon (1996","Excel, Illustrator, Leadership, Research, Ms Office","Adobe CS5/Illustrator, Flex PLM, Excel/MS Office, tech packs, costing, merchandising, sourcing, vendor onboarding, fit/testing, market research, leadership. Built fast-track juniors model; reduced labor rates 10%; led cross-functional meetings; delivered high-profile projects (Olympics, All-Star, Jeremy Scott)","2014–present Apparel Developer Specialized; 2006–2014 Manager, Apparel Development; 2003–2005 Product Developer/Production Asst; 1999–2003 Men’s Surf Buyer & Product Developer; 1997–1999 Buyer; 1996–1997 Assistant Buyer; consulting. Sourced across US, China, India, Nicaragua, Colombia, Thailand, Indonesia, Turkey, Bangladesh",Senior-level,R089,Q089,How do you build trust with new teammates?,Team Collaboration,Fashion / Apparel Professional,UX Designer,Easy,1 year,Open-Ended,A089,"I believe communication and mutual respect are key to successful collaboration. In one project, we achieved X because of great teamwork. How do you build trust with new teammates?",Ankshi ideal_answer,['partner' 'collaboration'],True,Synthetic association: CareerCorpus candidate profile linked to a semantically compatible Ankshi interview question.
C023,71767359,Apparel,"BA Sociology, University of Oregon (1996","Excel, Illustrator, Leadership, Research, Ms Office","Adobe CS5/Illustrator, Flex PLM, Excel/MS Office, tech packs, costing, merchandising, sourcing, vendor onboarding, fit/testing, market research, leadership. Built fast-track juniors model; reduced labor rates 10%; led cross-functional meetings; delivered high-profile projects (Olympics, All-Star, Jeremy Scott)","2014–present Apparel Developer Specialized; 2006–2014 Manager, Apparel Development; 2003–2005 Product Developer/Production Asst; 1999–2003 Men’s Surf Buyer & Product Developer; 1997–1999 Buyer; 1996–1997 Assistant Buyer; consulting. Sourced across US, China, India, Nicaragua, Colombia, Thailand, Indonesia, Turkey, Bangladesh",Senior-level,R090,Q090,How do you contribute to a positive team environment?,Culture Fit,Fashion / Apparel Professional,UX Designer,Easy,4 years,Behavioral,A090,"I thrive in collaborative, transparent environments where innovation and respect are valued. How do you contribute to a positive team environment?",Ankshi ideal_answer,['environment' 'company'],True,Synthetic association: CareerCorpus candidate profile linked to a semantically compatible Ankshi interview question.
C023,71767359,Apparel,"BA Sociology, University of Oregon (1996","Excel, Illustrator, Leadership, Research, Ms Office","Adobe CS5/Illustrator, Flex PLM, Excel/MS Office, tech packs, costing, merchandising, sourcing, vendor onboarding, fit/testing, market research, leadership. Built fast-track juniors model; reduced labor rates 10%; led cross-functional meetings; delivered high-profile projects (Olympics, All-Star, Jeremy Scott)","2014–present Apparel Developer Specialized; 2006–2014 Manager, Apparel Development; 2003–2005 Product Developer/Production Asst; 1999–2003 Men’s Surf Buyer & Product Developer; 1997–1999 Buyer; 1996–1997 Assistant Buyer; consulting. Sourced across US, China, India, Nicaragua, Colombia, Thailand, Indonesia, Turkey, Bangladesh",Senior-level,R091,Q091,How do you deal with feedback that you disagree with?,Conflict Resolution,Fashion / Apparel Professional,UX Designer,Easy,5 years,STAR-Based,A091,"When faced with conflict, I approach it calmly and try to understand all perspectives before finding a solution together. How do you deal with feedback that you disagree with?",Ankshi ideal_answer,['resolve' 'problem'],True,Synthetic association: CareerCorpus candidate profile linked to a semantically compatible Ankshi interview question.
C023,71767359,Apparel,"BA Sociology, University of Oregon (1996","Excel, Illustrator, Leadership, Research, Ms Office","Adobe CS5/Illustrator, Flex PLM, Excel/MS Office, tech packs, costing, merchandising, sourcing, vendor onboarding, fit/testing, market research, leadership. Built fast-track juniors model; reduced labor rates 10%; led cross-functional meetings; delivered high-profile projects (Olympics, All-Star, Jeremy Scott)","2014–present Apparel Developer Specialized; 2006–2014 Manager, Apparel Development; 2003–2005 Product Developer/Production Asst; 1999–2003 Men’s Surf Buyer & Product Developer; 1997–1999 Buyer; 1996–1997 Assistant Buyer; consulting. Sourced across US, China, India, Nicaragua, Colombia, Thailand, Indonesia, Turkey, Bangladesh",Senior-level,R092,Q092,How do you delegate tasks effectively?,Leadership,Fashion / Apparel Professional,UX Designer,Easy,4 years,Situational,A092,"I lead by example and encourage open communication and accountability. One time, I led a team through X and we achieved Y. How do you delegate tasks effectively?",Ankshi ideal_answer,['lead' 'guide'],True,Synthetic association: CareerCorpus candidate profile linked to a semantically compatible Ankshi interview question.
C024,27694040,Apparel,"B.S. Applied Management, University of California (2005); B.S. Business Administration, University of California (2009)","Photoshop, Budgeting","Production scheduling, spec setting, fabric QA/QC, inventory control, Adobe Photoshop, design software, budgeting, facility maintenance, real-time tracking, client/vendor coordination, sales support.","Apparel Production Manager (2005–present): set schedules/specs, QC, fabric tests, inventory, POs, budgets, samples, team objectives, equipment reviews, client liaison, multi-site coordination; roles across multiple firms (2006–2013).",Senior-level,R093,Q093,How do you ensure productivity when working remotely?,Work Style,Fashion / Apparel Professional,UX Designer,Easy,2 years,Situational,A093,I follow a structured workflow and use tools like Jira/Trello/Notion to manage my tasks efficiently. How do you ensure productivity when working remotely?,Ankshi ideal_answer,['tool' 'method'],True,Synthetic association: CareerCorpus candidate profile linked to a semantically compatible Ankshi interview question.
C024,27694040,Apparel,"B.S. Applied Management, University of California (2005); B.S. Business Administration, University of California (2009)","Photoshop, Budgeting","Production scheduling, spec setting, fabric QA/QC, inventory control, Adobe Photoshop, design software, budgeting, facility maintenance, real-time tracking, client/vendor coordination, sales support.","Apparel Production Manager (2005–present): set schedules/specs, QC, fabric tests, inventory, POs, budgets, samples, team objectives, equipment reviews, client liaison, multi-site coordination; roles across multiple firms (2006–2013).",Senior-level,R094,Q094,How do you handle disagreements within a team?,Team Collaboration,Fashion / Apparel Professional,UX Designer,Easy,intern,STAR-Based,A094,"I believe communication and mutual respect are key to successful collaboration. In one project, we achieved X because of great teamwork. How do you handle disagreements within a team?",Ankshi ideal_answer,['group' 'collaboration'],True,Synthetic association: CareerCorpus candidate profile linked to a semantically compatible Ankshi interview question.
C024,27694040,Apparel,"B.S. Applied Management, University of California (2005); B.S. Business Administration, University of California (2009)","Photoshop, Budgeting","Production scheduling, spec setting, fabric QA/QC, inventory control, Adobe Photoshop, design software, budgeting, facility maintenance, real-time tracking, client/vendor coordination, sales support.","Apparel Production Manager (2005–present): set schedules/specs, QC, fabric tests, inventory, POs, budgets, samples, team objectives, equipment reviews, client liaison, multi-site coordination; roles across multiple firms (2006–2013).",Senior-level,R095,Q095,How do you motivate others in a leadership role?,Leadership,Fashion / Apparel Professional,UX Designer,Easy,4 years,Situational,A095,"I lead by example and encourage open communication and accountability. One time, I led a team through X and we achieved Y. How do you motivate others in a leadership role?",Ankshi ideal_answer,['supervise' 'guide'],True,Synthetic association: CareerCorpus candidate profile linked to a semantically compatible Ankshi interview question.
C024,27694040,Apparel,"B.S. Applied Management, University of California (2005); B.S. Business Administration, University of California (2009)","Photoshop, Budgeting","Production scheduling, spec setting, fabric QA/QC, inventory control, Adobe Photoshop, design software, budgeting, facility maintenance, real-time tracking, client/vendor coordination, sales support.","Apparel Production Manager (2005–present): set schedules/specs, QC, fabric tests, inventory, POs, budgets, samples, team objectives, equipment reviews, client liaison, multi-site coordination; roles across multiple firms (2006–2013).",Senior-level,R096,Q096,How do you organize and prioritize your daily tasks?,Work Style,Fashion / Apparel Professional,UX Designer,Easy,7+ years,Behavioral,A096,I follow a structured workflow and use tools like Jira/Trello/Notion to manage my tasks efficiently. How do you organize and prioritize your daily tasks?,Ankshi ideal_answer,['method' 'daily routine'],True,Synthetic association: CareerCorpus candidate profile linked to a semantically compatible Ankshi interview question.
C025,15535408,Apparel,"High School Diploma, Penn Foster (2009), GPA 3.6.","Communication, Customer Service","Cash handling, POS, inventory control, merchandising, staffing, loss prevention, scheduling, customer service, web orders, AD setup with 100% accuracy, strong communication, multitasking, problem solving, key holder responsibilities, firearms E4473 2nd/3rd checks.","Apparel Zone Supervisor (Dec 2016–Current): floor supervision, approvals, deposits, deliveries, cleanliness, multi-dept coverage; Consumer Electronics Sales Lead/Merchandising Supervisor (2014–2016); Manager (2014); Sales Consultant (2013–2014)",Mid-level,R097,Q097,How do you react to sudden changes in priorities?,Adaptability,Fashion / Apparel Professional,UX Designer,Easy,5 years,Situational,A097,"I'm always eager to learn and embrace change as a way to improve. For example, I once had to switch to a new tech stack and picked it up quickly. How do you react to sudden changes in priorities?",Ankshi ideal_answer,['flexible' 'learn'],True,Synthetic association: CareerCorpus candidate profile linked to a semantically compatible Ankshi interview question.
C025,15535408,Apparel,"High School Diploma, Penn Foster (2009), GPA 3.6.","Communication, Customer Service","Cash handling, POS, inventory control, merchandising, staffing, loss prevention, scheduling, customer service, web orders, AD setup with 100% accuracy, strong communication, multitasking, problem solving, key holder responsibilities, firearms E4473 2nd/3rd checks.","Apparel Zone Supervisor (Dec 2016–Current): floor supervision, approvals, deposits, deliveries, cleanliness, multi-dept coverage; Consumer Electronics Sales Lead/Merchandising Supervisor (2014–2016); Manager (2014); Sales Consultant (2013–2014)",Mid-level,R098,Q098,How do you respond when a teammate isn't pulling their weight?,Conflict Resolution,Fashion / Apparel Professional,UX Designer,Easy,5 years,STAR-Based,A098,"When faced with conflict, I approach it calmly and try to understand all perspectives before finding a solution together. How do you respond when a teammate isn't pulling their weight?",Ankshi ideal_answer,['problem' 'disagree'],True,Synthetic association: CareerCorpus candidate profile linked to a semantically compatible Ankshi interview question.
C025,15535408,Apparel,"High School Diploma, Penn Foster (2009), GPA 3.6.","Communication, Customer Service","Cash handling, POS, inventory control, merchandising, staffing, loss prevention, scheduling, customer service, web orders, AD setup with 100% accuracy, strong communication, multitasking, problem solving, key holder responsibilities, firearms E4473 2nd/3rd checks.","Apparel Zone Supervisor (Dec 2016–Current): floor supervision, approvals, deposits, deliveries, cleanliness, multi-dept coverage; Consumer Electronics Sales Lead/Merchandising Supervisor (2014–2016); Manager (2014); Sales Consultant (2013–2014)",Mid-level,R099,Q099,How do you stay motivated during repetitive tasks?,Motivation,Fashion / Apparel Professional,UX Designer,Easy,4 years,Open-Ended,A099,I'm motivated by challenges and the opportunity to grow both personally and professionally. How do you stay motivated during repetitive tasks?,Ankshi ideal_answer,['reason' 'drive'],True,Synthetic association: CareerCorpus candidate profile linked to a semantically compatible Ankshi interview question.
C025,15535408,Apparel,"High School Diploma, Penn Foster (2009), GPA 3.6.","Communication, Customer Service","Cash handling, POS, inventory control, merchandising, staffing, loss prevention, scheduling, customer service, web orders, AD setup with 100% accuracy, strong communication, multitasking, problem solving, key holder responsibilities, firearms E4473 2nd/3rd checks.","Apparel Zone Supervisor (Dec 2016–Current): floor supervision, approvals, deposits, deliveries, cleanliness, multi-dept coverage; Consumer Electronics Sales Lead/Merchandising Supervisor (2014–2016); Manager (2014); Sales Consultant (2013–2014)",Mid-level,R100,Q100,How do you stay updated with industry trends?,Adaptability,Fashion / Apparel Professional,UX Designer,Easy,2 years,Behavioral,A100,"I'm always eager to learn and embrace change as a way to improve. For example, I once had to switch to a new tech stack and picked it up quickly. How do you stay updated with industry trends?",Ankshi ideal_answer,['new' 'flexible'],True,Synthetic association: CareerCorpus candidate profile linked to a semantically compatible Ankshi interview question.
C026,1,Research Assistant,"B.Sc. in CSE, Chittagong University of Engineering & Technology (GPA 3.83/4, 7th position); HSC, Rajuk Uttara Model College (5.00/5.00); SSC, Uttara High School & College (5.00/5.00)","Python, Java, C++","Skilled in Python, C/C++, Java, ML/DL (TensorFlow, PyTorch), NLP; 800+ solved problems; published in EMNLP, NAACL, ACL, JoE; Best Paper (ACL 2023); 1st in CLBLP 2023; 5th–7th at SemEval 2024; 1st in FakeDetect Malayalam; multiple top-10 NLP competition finishes","Lecturer, Dhaka Int’l Univ. (2024–); Software Engg. Intern, Spectrum Engg. Consortium (2023); research mentor & CPC adviser at DIU; developed vehicle scheduling, MERN UI, backend systems",Entry-level,R101,Q101,How do you stay motivated during repetitive tasks?,Motivation,Research Assistant,Data Scientist,Easy,1 year,STAR-Based,A101,I'm motivated by challenges and the opportunity to grow both personally and professionally. How do you stay motivated during repetitive tasks?,Ankshi ideal_answer,['passion' 'reason'],True,Synthetic association: CareerCorpus candidate profile linked to a semantically compatible Ankshi interview question.
C026,1,Research Assistant,"B.Sc. in CSE, Chittagong University of Engineering & Technology (GPA 3.83/4, 7th position); HSC, Rajuk Uttara Model College (5.00/5.00); SSC, Uttara High School & College (5.00/5.00)","Python, Java, C++","Skilled in Python, C/C++, Java, ML/DL (TensorFlow, PyTorch), NLP; 800+ solved problems; published in EMNLP, NAACL, ACL, JoE; Best Paper (ACL 2023); 1st in CLBLP 2023; 5th–7th at SemEval 2024; 1st in FakeDetect Malayalam; multiple top-10 NLP competition finishes","Lecturer, Dhaka Int’l Univ. (2024–); Software Engg. Intern, Spectrum Engg. Consortium (2023); research mentor & CPC adviser at DIU; developed vehicle scheduling, MERN UI, backend systems",Entry-level,R102,Q102,How do you stay updated with industry trends?,Adaptability,Research Assistant,Data Scientist,Easy,7+ years,Open-Ended,A102,"I'm always eager to learn and embrace change as a way to improve. For example, I once had to switch to a new tech stack and picked it up quickly. How do you stay updated with industry trends?",Ankshi ideal_answer,['adjust' 'change'],True,Synthetic association: CareerCorpus candidate profile linked to a semantically compatible Ankshi interview question.
C026,1,Research Assistant,"B.Sc. in CSE, Chittagong University of Engineering & Technology (GPA 3.83/4, 7th position); HSC, Rajuk Uttara Model College (5.00/5.00); SSC, Uttara High School & College (5.00/5.00)","Python, Java, C++","Skilled in Python, C/C++, Java, ML/DL (TensorFlow, PyTorch), NLP; 800+ solved problems; published in EMNLP, NAACL, ACL, JoE; Best Paper (ACL 2023); 1st in CLBLP 2023; 5th–7th at SemEval 2024; 1st in FakeDetect Malayalam; multiple top-10 NLP competition finishes","Lecturer, Dhaka Int’l Univ. (2024–); Software Engg. Intern, Spectrum Engg. Consortium (2023); research mentor & CPC adviser at DIU; developed vehicle scheduling, MERN UI, backend systems",Entry-level,R103,Q103,How does this role fit into your career path?,Career Goals,Research Assistant,Data Scientist,Easy,7+ years,Situational,A103,My long-term goal is to grow into a senior role where I can contribute more strategically and mentor others. This role brings me closer to that. How does this role fit into your career path?,Ankshi ideal_answer,['future' 'plan'],True,Synthetic association: CareerCorpus candidate profile linked to a semantically compatible Ankshi interview question.
C026,1,Research Assistant,"B.Sc. in CSE, Chittagong University of Engineering & Technology (GPA 3.83/4, 7th position); HSC, Rajuk Uttara Model College (5.00/5.00); SSC, Uttara High School & College (5.00/5.00)","Python, Java, C++","Skilled in Python, C/C++, Java, ML/DL (TensorFlow, PyTorch), NLP; 800+ solved problems; published in EMNLP, NAACL, ACL, JoE; Best Paper (ACL 2023); 1st in CLBLP 2023; 5th–7th at SemEval 2024; 1st in FakeDetect Malayalam; multiple top-10 NLP competition finishes","Lecturer, Dhaka Int’l Univ. (2024–); Software Engg. Intern, Spectrum Engg. Consortium (2023); research mentor & CPC adviser at DIU; developed vehicle scheduling, MERN UI, backend systems",Entry-level,R104,Q104,Tell me about a conflict you had with a coworker and how you resolved it.,Conflict Resolution,Research Assistant,Data Scientist,Easy,intern,Situational,A104,"When faced with conflict, I approach it calmly and try to understand all perspectives before finding a solution together. Tell me about a conflict you had with a coworker and how you resolved it.",Ankshi ideal_answer,['problem' 'conflict'],True,Synthetic association: CareerCorpus candidate profile linked to a semantically compatible Ankshi interview question.
C027,2,Research Assistant,"M.Sc. in CSE (2023–2026) and B.Sc. in CSE (2017–2022), Chittagong University of Engineering & Technology","Machine Learning, Research","Skilled in Machine Learning, Artificial Intelligence, and Academic Research. Reviewer (BIM 2025), Participant (ICCCT 2025). Published IEEE papers: Moonshot (academic integrity & wellbeing app) and Blueprint (cybercrime & police assistant app).","Lecturer, CUET (Nov 2023–present); Lecturer, UIU (Jul–Nov 2023); Lecturer, Green University of Bangladesh (Nov 2022–Jul 2023); Academic Intern, Data Head Pvt Ltd (Feb–Mar 2022).",Entry-level,R105,Q105,Tell me about a time you had to learn something completely new quickly.,Adaptability,Research Assistant,Data Scientist,Easy,6 years,STAR-Based,A105,"I'm always eager to learn and embrace change as a way to improve. For example, I once had to switch to a new tech stack and picked it up quickly. Tell me about a time you had to learn something completely new quickly.",Ankshi ideal_answer,['learn' 'change'],True,Synthetic association: CareerCorpus candidate profile linked to a semantically compatible Ankshi interview question.
C027,2,Research Assistant,"M.Sc. in CSE (2023–2026) and B.Sc. in CSE (2017–2022), Chittagong University of Engineering & Technology","Machine Learning, Research","Skilled in Machine Learning, Artificial Intelligence, and Academic Research. Reviewer (BIM 2025), Participant (ICCCT 2025). Published IEEE papers: Moonshot (academic integrity & wellbeing app) and Blueprint (cybercrime & police assistant app).","Lecturer, CUET (Nov 2023–present); Lecturer, UIU (Jul–Nov 2023); Lecturer, Green University of Bangladesh (Nov 2022–Jul 2023); Academic Intern, Data Head Pvt Ltd (Feb–Mar 2022).",Entry-level,R106,Q106,Tell me about a time you mentored someone.,Leadership,Research Assistant,Data Scientist,Easy,fresher,STAR-Based,A106,"I lead by example and encourage open communication and accountability. One time, I led a team through X and we achieved Y. Tell me about a time you mentored someone.",Ankshi ideal_answer,['guide' 'supervise'],True,Synthetic association: CareerCorpus candidate profile linked to a semantically compatible Ankshi interview question.
C027,2,Research Assistant,"M.Sc. in CSE (2023–2026) and B.Sc. in CSE (2017–2022), Chittagong University of Engineering & Technology","Machine Learning, Research","Skilled in Machine Learning, Artificial Intelligence, and Academic Research. Reviewer (BIM 2025), Participant (ICCCT 2025). Published IEEE papers: Moonshot (academic integrity & wellbeing app) and Blueprint (cybercrime & police assistant app).","Lecturer, CUET (Nov 2023–present); Lecturer, UIU (Jul–Nov 2023); Lecturer, Green University of Bangladesh (Nov 2022–Jul 2023); Academic Intern, Data Head Pvt Ltd (Feb–Mar 2022).",Entry-level,R107,Q107,Tell me about a time you were highly motivated to achieve a goal.,Motivation,Research Assistant,Data Scientist,Easy,3 years,Open-Ended,A107,I'm motivated by challenges and the opportunity to grow both personally and professionally. Tell me about a time you were highly motivated to achieve a goal.,Ankshi ideal_answer,['goal' 'reason'],True,Synthetic association: CareerCorpus candidate profile linked to a semantically compatible Ankshi interview question.
C027,2,Research Assistant,"M.Sc. in CSE (2023–2026) and B.Sc. in CSE (2017–2022), Chittagong University of Engineering & Technology","Machine Learning, Research","Skilled in Machine Learning, Artificial Intelligence, and Academic Research. Reviewer (BIM 2025), Participant (ICCCT 2025). Published IEEE papers: Moonshot (academic integrity & wellbeing app) and Blueprint (cybercrime & police assistant app).","Lecturer, CUET (Nov 2023–present); Lecturer, UIU (Jul–Nov 2023); Lecturer, Green University of Bangladesh (Nov 2022–Jul 2023); Academic Intern, Data Head Pvt Ltd (Feb–Mar 2022).",Entry-level,R108,Q108,What are your expectations from leadership in a company?,Culture Fit,Research Assistant,Data Scientist,Easy,2 years,Behavioral,A108,"I thrive in collaborative, transparent environments where innovation and respect are valued. What are your expectations from leadership in a company?",Ankshi ideal_answer,['company' 'belief'],True,Synthetic association: CareerCorpus candidate profile linked to a semantically compatible Ankshi interview question.
C028,3,Research Assistant,"PhD in Computer Science, UMass Lowell (2025–present); B.Sc. in CSE, KUET (CGPA 3.86/4.00, 2020)","Python, C++","Skilled in Python, C/C++, ML/DL (PyTorch, TensorFlow, HuggingFace, Langchain, FastAPI, Docker). Published in EMNLP, CLEF, SoftwareX, Data in Brief. Dean’s List (4 yrs), National Scholarship, 2nd Runner-Up Poster (KUET 2017), AAAI 2024 reviewer","Graduate RA, BioNLP Lab, UMass Lowell (2025–); Lecturer, KUET (2022–24); Lecturer, Uttara Univ. (2021–22). Research in NLP, ML, MT, LLMs, summarization, uncertainty modeling.",Entry-level,R109,Q109,What are your long-term career aspirations?,Career Goals,Research Assistant,Data Scientist,Easy,7+ years,Behavioral,A109,My long-term goal is to grow into a senior role where I can contribute more strategically and mentor others. This role brings me closer to that. What are your long-term career aspirations?,Ankshi ideal_answer,['future' 'dream'],True,Synthetic association: CareerCorpus candidate profile linked to a semantically compatible Ankshi interview question.
C028,3,Research Assistant,"PhD in Computer Science, UMass Lowell (2025–present); B.Sc. in CSE, KUET (CGPA 3.86/4.00, 2020)","Python, C++","Skilled in Python, C/C++, ML/DL (PyTorch, TensorFlow, HuggingFace, Langchain, FastAPI, Docker). Published in EMNLP, CLEF, SoftwareX, Data in Brief. Dean’s List (4 yrs), National Scholarship, 2nd Runner-Up Poster (KUET 2017), AAAI 2024 reviewer","Graduate RA, BioNLP Lab, UMass Lowell (2025–); Lecturer, KUET (2022–24); Lecturer, Uttara Univ. (2021–22). Research in NLP, ML, MT, LLMs, summarization, uncertainty modeling.",Entry-level,R110,Q110,What drives your passion for this field?,Motivation,Research Assistant,Data Scientist,Easy,3 years,STAR-Based,A110,I'm motivated by challenges and the opportunity to grow both personally and professionally. What drives your passion for this field?,Ankshi ideal_answer,['reason' 'inspiration'],True,Synthetic association: CareerCorpus candidate profile linked to a semantically compatible Ankshi interview question.
C028,3,Research Assistant,"PhD in Computer Science, UMass Lowell (2025–present); B.Sc. in CSE, KUET (CGPA 3.86/4.00, 2020)","Python, C++","Skilled in Python, C/C++, ML/DL (PyTorch, TensorFlow, HuggingFace, Langchain, FastAPI, Docker). Published in EMNLP, CLEF, SoftwareX, Data in Brief. Dean’s List (4 yrs), National Scholarship, 2nd Runner-Up Poster (KUET 2017), AAAI 2024 reviewer","Graduate RA, BioNLP Lab, UMass Lowell (2025–); Lecturer, KUET (2022–24); Lecturer, Uttara Univ. (2021–22). Research in NLP, ML, MT, LLMs, summarization, uncertainty modeling.",Entry-level,R111,Q111,What kind of growth opportunities are you looking for?,Career Goals,Research Assistant,Data Scientist,Easy,7+ years,Open-Ended,A111,My long-term goal is to grow into a senior role where I can contribute more strategically and mentor others. This role brings me closer to that. What kind of growth opportunities are you looking for?,Ankshi ideal_answer,['plan' 'future'],True,Synthetic association: CareerCorpus candidate profile linked to a semantically compatible Ankshi interview question.
C028,3,Research Assistant,"PhD in Computer Science, UMass Lowell (2025–present); B.Sc. in CSE, KUET (CGPA 3.86/4.00, 2020)","Python, C++","Skilled in Python, C/C++, ML/DL (PyTorch, TensorFlow, HuggingFace, Langchain, FastAPI, Docker). Published in EMNLP, CLEF, SoftwareX, Data in Brief. Dean’s List (4 yrs), National Scholarship, 2nd Runner-Up Poster (KUET 2017), AAAI 2024 reviewer","Graduate RA, BioNLP Lab, UMass Lowell (2025–); Lecturer, KUET (2022–24); Lecturer, Uttara Univ. (2021–22). Research in NLP, ML, MT, LLMs, summarization, uncertainty modeling.",Entry-level,R112,Q112,What makes a good leader in your opinion?,Leadership,Research Assistant,Data Scientist,Easy,7+ years,Situational,A112,"I lead by example and encourage open communication and accountability. One time, I led a team through X and we achieved Y. What makes a good leader in your opinion?",Ankshi ideal_answer,['supervise' 'lead'],True,Synthetic association: CareerCorpus candidate profile linked to a semantically compatible Ankshi interview question.
C029,4,Research Assistant,"B.Sc. in CSE, East West University (2017–2022); specialized in ML, NLP, Data Mining, and Computer Vision; thesis on Bengali social media sentiment classification","Python, C++, Sql","Expert in Python, SQL, C++, ML/DL (PyTorch, TensorFlow), NLP, CV, Explainable AI. Published 15+ IEEE papers; 6 Best Paper Awards (2023–24); Reviewer for Information Fusion, Heliyon, EAAI. Invited speaker at 10+ global conferences on AI, vision, and health tech","Research Asst., AI Lab EWU (2024–); Research Engr., Dataxense UK (2023–); Research Asst., Bahari Big Data (2022–23). Led projects in cancer imaging, NLP, IoT safety, federated learning, and multimodal AI",Entry-level,R113,Q113,What motivates you to come to work every day?,Motivation,Research Assistant,Data Scientist,Easy,6 years,STAR-Based,A113,I'm motivated by challenges and the opportunity to grow both personally and professionally. What motivates you to come to work every day?,Ankshi ideal_answer,['why' 'reason'],True,Synthetic association: CareerCorpus candidate profile linked to a semantically compatible Ankshi interview question.
C029,4,Research Assistant,"B.Sc. in CSE, East West University (2017–2022); specialized in ML, NLP, Data Mining, and Computer Vision; thesis on Bengali social media sentiment classification","Python, C++, Sql","Expert in Python, SQL, C++, ML/DL (PyTorch, TensorFlow), NLP, CV, Explainable AI. Published 15+ IEEE papers; 6 Best Paper Awards (2023–24); Reviewer for Information Fusion, Heliyon, EAAI. Invited speaker at 10+ global conferences on AI, vision, and health tech","Research Asst., AI Lab EWU (2024–); Research Engr., Dataxense UK (2023–); Research Asst., Bahari Big Data (2022–23). Led projects in cancer imaging, NLP, IoT safety, federated learning, and multimodal AI",Entry-level,R114,Q114,What skills do you hope to develop in your next role?,Career Goals,Research Assistant,Data Scientist,Easy,6 years,Situational,A114,My long-term goal is to grow into a senior role where I can contribute more strategically and mentor others. This role brings me closer to that. What skills do you hope to develop in your next role?,Ankshi ideal_answer,['aspiration' 'plan'],True,Synthetic association: CareerCorpus candidate profile linked to a semantically compatible Ankshi interview question.
C029,4,Research Assistant,"B.Sc. in CSE, East West University (2017–2022); specialized in ML, NLP, Data Mining, and Computer Vision; thesis on Bengali social media sentiment classification","Python, C++, Sql","Expert in Python, SQL, C++, ML/DL (PyTorch, TensorFlow), NLP, CV, Explainable AI. Published 15+ IEEE papers; 6 Best Paper Awards (2023–24); Reviewer for Information Fusion, Heliyon, EAAI. Invited speaker at 10+ global conferences on AI, vision, and health tech","Research Asst., AI Lab EWU (2024–); Research Engr., Dataxense UK (2023–); Research Asst., Bahari Big Data (2022–23). Led projects in cancer imaging, NLP, IoT safety, federated learning, and multimodal AI",Entry-level,R115,Q115,What tools or methods help you stay organized?,Work Style,Research Assistant,Data Scientist,Easy,7+ years,Open-Ended,A115,I follow a structured workflow and use tools like Jira/Trello/Notion to manage my tasks efficiently. What tools or methods help you stay organized?,Ankshi ideal_answer,['method' 'process'],True,Synthetic association: CareerCorpus candidate profile linked to a semantically compatible Ankshi interview question.
C029,4,Research Assistant,"B.Sc. in CSE, East West University (2017–2022); specialized in ML, NLP, Data Mining, and Computer Vision; thesis on Bengali social media sentiment classification","Python, C++, Sql","Expert in Python, SQL, C++, ML/DL (PyTorch, TensorFlow), NLP, CV, Explainable AI. Published 15+ IEEE papers; 6 Best Paper Awards (2023–24); Reviewer for Information Fusion, Heliyon, EAAI. Invited speaker at 10+ global conferences on AI, vision, and health tech","Research Asst., AI Lab EWU (2024–); Research Engr., Dataxense UK (2023–); Research Asst., Bahari Big Data (2022–23). Led projects in cancer imaging, NLP, IoT safety, federated learning, and multimodal AI",Entry-level,R116,Q116,What type of company culture do you thrive in?,Culture Fit,Research Assistant,Data Scientist,Easy,1 year,Open-Ended,A116,"I thrive in collaborative, transparent environments where innovation and respect are valued. What type of company culture do you thrive in?",Ankshi ideal_answer,['company' 'belief'],True,Synthetic association: CareerCorpus candidate profile linked to a semantically compatible Ankshi interview question.
C030,5,Research Assistant,"PhD in Computer Science, University at Albany (2025–); B.Sc. in CSE, Chittagong University of Engineering & Technology (2018–2023)","Python, Research","Expert in ML, DL, NLP, Python, TensorFlow, PyTorch, and Sentiment Analysis. Published 40+ papers; top ranks in ACL & EACL shared tasks (1st in Malayalam-BERT, top-15 multilingual STR). Certified in Transformer Models & BERT. Research in AI, language modeling, and text generation","Lecturer (Study Leave), UAP (2025–); Lecturer, DIU (2024–25); Research Coordinator, CUET NLP Lab (2023–); Research Asst., CUET (2023–24); Supervisor, DIU NLP & ML Lab. Focus on ML, NLP & research mentoring",Entry-level,R117,Q117,What would you do if you disagreed with your manager?,Conflict Resolution,Research Assistant,Data Scientist,Easy,fresher,Open-Ended,A117,"When faced with conflict, I approach it calmly and try to understand all perspectives before finding a solution together. What would you do if you disagreed with your manager?",Ankshi ideal_answer,['challenge' 'problem'],True,Synthetic association: CareerCorpus candidate profile linked to a semantically compatible Ankshi interview question.
C030,5,Research Assistant,"PhD in Computer Science, University at Albany (2025–); B.Sc. in CSE, Chittagong University of Engineering & Technology (2018–2023)","Python, Research","Expert in ML, DL, NLP, Python, TensorFlow, PyTorch, and Sentiment Analysis. Published 40+ papers; top ranks in ACL & EACL shared tasks (1st in Malayalam-BERT, top-15 multilingual STR). Certified in Transformer Models & BERT. Research in AI, language modeling, and text generation","Lecturer (Study Leave), UAP (2025–); Lecturer, DIU (2024–25); Research Coordinator, CUET NLP Lab (2023–); Research Asst., CUET (2023–24); Supervisor, DIU NLP & ML Lab. Focus on ML, NLP & research mentoring",Entry-level,R118,Q118,What's the most significant change you've had to adapt to at work?,Adaptability,Research Assistant,Data Scientist,Easy,2 years,Behavioral,A118,"I'm always eager to learn and embrace change as a way to improve. For example, I once had to switch to a new tech stack and picked it up quickly. What's the most significant change you've had to adapt to at work?",Ankshi ideal_answer,['new' 'adjust'],True,Synthetic association: CareerCorpus candidate profile linked to a semantically compatible Ankshi interview question.
C030,5,Research Assistant,"PhD in Computer Science, University at Albany (2025–); B.Sc. in CSE, Chittagong University of Engineering & Technology (2018–2023)","Python, Research","Expert in ML, DL, NLP, Python, TensorFlow, PyTorch, and Sentiment Analysis. Published 40+ papers; top ranks in ACL & EACL shared tasks (1st in Malayalam-BERT, top-15 multilingual STR). Certified in Transformer Models & BERT. Research in AI, language modeling, and text generation","Lecturer (Study Leave), UAP (2025–); Lecturer, DIU (2024–25); Research Coordinator, CUET NLP Lab (2023–); Research Asst., CUET (2023–24); Supervisor, DIU NLP & ML Lab. Focus on ML, NLP & research mentoring",Entry-level,R119,Q119,Where do you see yourself in 5 years?,Career Goals,Research Assistant,Data Scientist,Easy,1 year,Behavioral,A119,My long-term goal is to grow into a senior role where I can contribute more strategically and mentor others. This role brings me closer to that. Where do you see yourself in 5 years?,Ankshi ideal_answer,['next step' 'future'],True,Synthetic association: CareerCorpus candidate profile linked to a semantically compatible Ankshi interview question.
C030,5,Research Assistant,"PhD in Computer Science, University at Albany (2025–); B.Sc. in CSE, Chittagong University of Engineering & Technology (2018–2023)","Python, Research","Expert in ML, DL, NLP, Python, TensorFlow, PyTorch, and Sentiment Analysis. Published 40+ papers; top ranks in ACL & EACL shared tasks (1st in Malayalam-BERT, top-15 multilingual STR). Certified in Transformer Models & BERT. Research in AI, language modeling, and text generation","Lecturer (Study Leave), UAP (2025–); Lecturer, DIU (2024–25); Research Coordinator, CUET NLP Lab (2023–); Research Asst., CUET (2023–24); Supervisor, DIU NLP & ML Lab. Focus on ML, NLP & research mentoring",Entry-level,R120,Q120,Why do you want to work at our company?,Motivation,Research Assistant,Data Scientist,Easy,2 years,STAR-Based,A120,I'm motivated by challenges and the opportunity to grow both personally and professionally. Why do you want to work at our company?,Ankshi ideal_answer,['drive' 'goal'],True,Synthetic association: CareerCorpus candidate profile linked to a semantically compatible Ankshi interview question.
